alpha,run_idx,algorithm,nue,sq_error,rel_sq_error,rmse,elapsed_sec
0.5,0,EaseSHAP,500,2.7239478837704967,0.0059924755129008127,0.26095727062924007,12.939
0.5,0,EaseSHAP,1000,0.7617822713690261,0.0016758623153325597,0.13800201731940606,12.939
0.5,0,EaseSHAP,1500,0.46106194293443753,0.0010143007578913995,0.10736176495084708,12.939
0.5,0,EaseSHAP,2000,0.33701273278393229,0.00074140205133001484,0.091789532734393567,12.939
0.5,0,EaseSHAP,2500,0.22696698823402509,0.0004993098903737453,0.075327117997774404,12.939
0.5,0,EaseSHAP,3000,0.15923628427788955,0.00035030755910782417,0.063094430078630859,12.939
0.5,0,EaseSHAP,3500,0.13218666049689651,0.00029080047047865074,0.057486228893730819,12.939
0.5,0,EaseSHAP,4000,0.11665281101821404,0.00025662719823041613,0.054002965432051513,12.939
0.5,0,EaseSHAP,4500,0.12354988835171708,0.00027180023706785172,0.055576498709372903,12.939
0.5,0,EaseSHAP,5000,0.11220371572275656,0.00024683953130351193,0.052963127674533282,12.939
0.5,0,RegressionMSR_unbiased,500,3.8083080045317241,0.0083779842480507932,0.30855745026379305,12.2802
0.5,0,RegressionMSR_unbiased,1000,1.8499939726414898,0.0040698442309119696,0.215057781342683,12.2802
0.5,0,RegressionMSR_unbiased,1500,0.95748353943120268,0.0021063900297919598,0.15471615457275323,12.2802
0.5,0,RegressionMSR_unbiased,2000,0.72969905924787537,0.0016052817201028615,0.13506471219825286,12.2802
0.5,0,RegressionMSR_unbiased,2500,0.69425379458147018,0.0015273048682595326,0.13174348129807698,12.2802
0.5,0,RegressionMSR_unbiased,3000,0.67611292973037163,0.0014873963630158214,0.13001085817445898,12.2802
0.5,0,RegressionMSR_unbiased,3500,0.52166041347039616,0.0011476127250437671,0.11419943229613666,12.2802
0.5,0,RegressionMSR_unbiased,4000,0.4749371463119556,0.0010448251364860456,0.10896526353750946,12.2802
0.5,0,RegressionMSR_unbiased,4500,0.47820693612770931,0.0010520184222019655,0.10933971558035412,12.2802
0.5,0,RegressionMSR_unbiased,5000,0.47480381844037234,0.0010445318254390869,0.10894996769622885,12.2802
0.5,0,RegressionMSR_unbiased_plain,500,1.4865338141597471,0.0032702598803472068,0.19277796905765365,19.9726
0.5,0,RegressionMSR_unbiased_plain,1000,0.70069010676493426,0.0015414642592605841,0.13235275844924185,19.9726
0.5,0,RegressionMSR_unbiased_plain,1500,0.4873340381972342,0.0010720973436751866,0.11037821775572776,19.9726
0.5,0,RegressionMSR_unbiased_plain,2000,0.4791717670859944,0.001054140975987249,0.10944996197875018,19.9726
0.5,0,RegressionMSR_unbiased_plain,2500,0.32941139201620379,0.00072467968718816639,0.090748469961785552,19.9726
0.5,0,RegressionMSR_unbiased_plain,3000,0.29464342775433938,0.00064819284406096253,0.085825903396693048,19.9726
0.5,0,RegressionMSR_unbiased_plain,3500,0.28242904109485778,0.00062132213430981641,0.084028126406408971,19.9726
0.5,0,RegressionMSR_unbiased_plain,4000,0.21298669411475699,0.00046855432024260846,0.07297031830044956,19.9726
0.5,0,RegressionMSR_unbiased_plain,4500,0.1664271272824516,0.00036612685979220638,0.064503319155383695,19.9726
0.5,0,RegressionMSR_unbiased_plain,5000,0.17290223319597267,0.00038037159401102137,0.065746146882530818,19.9726
0.5,1,EaseSHAP,500,1.962163293360097,0.0043166080958558714,0.2214815620633068,12.9684
0.5,1,EaseSHAP,1000,0.54457989687421127,0.0011980338229964878,0.11668117852445305,12.9684
0.5,1,EaseSHAP,1500,0.38138913912544203,0.00083902672687407849,0.097645934263214718,12.9684
0.5,1,EaseSHAP,2000,0.27487301668862524,0.00060469946267244505,0.082896474093990466,12.9684
0.5,1,EaseSHAP,2500,0.21372644722619016,0.00047018172010303435,0.073096930035773416,12.9684
0.5,1,EaseSHAP,3000,0.18700056618774549,0.00041138684056888779,0.068374075165179654,12.9684
0.5,1,EaseSHAP,3500,0.19305287837639329,0.00042470146116166515,0.069471734967609888,12.9684
0.5,1,EaseSHAP,4000,0.17743058537098946,0.00039033361996763314,0.066601536275635087,12.9684
0.5,1,EaseSHAP,4500,0.13774661850174943,0.00030303194979415044,0.058682752683763356,12.9684
0.5,1,EaseSHAP,5000,0.12040446079223009,0.00026488053873583426,0.054864483227364425,12.9684
0.5,1,RegressionMSR_unbiased,500,3.4910699922224318,0.0076800850584769695,0.29542638644095554,12.4852
0.5,1,RegressionMSR_unbiased,1000,2.0011795355032751,0.0044024408230682486,0.22367272606999242,12.4852
0.5,1,RegressionMSR_unbiased,1500,1.0166111085636633,0.0022364661271632386,0.15942169775187939,12.4852
0.5,1,RegressionMSR_unbiased,2000,0.60916798487062485,0.0013401226412332913,0.12340664334534678,12.4852
0.5,1,RegressionMSR_unbiased,2500,0.42590642680464547,0.00093696133050868459,0.10318750248996306,12.4852
0.5,1,RegressionMSR_unbiased,3000,0.52301999674570254,0.001150603703517902,0.11434815223099391,12.4852
0.5,1,RegressionMSR_unbiased,3500,0.51114555901161041,0.001124480855215637,0.11304264228728141,12.4852
0.5,1,RegressionMSR_unbiased,4000,0.34586523537137498,0.00076087687509562656,0.092987261946378311,12.4852
0.5,1,RegressionMSR_unbiased,4500,0.31915972851725782,0.00070212681719753454,0.089325210399592375,12.4852
0.5,1,RegressionMSR_unbiased,5000,0.35110193981785648,0.00077239722148360584,0.093688571850820801,12.4852
0.5,1,RegressionMSR_unbiased_plain,500,1.533400250903092,0.0033733624309630656,0.19579327432927129,19.8561
0.5,1,RegressionMSR_unbiased_plain,1000,0.72248941839385317,0.0015894210655977045,0.13439581637776651,19.8561
0.5,1,RegressionMSR_unbiased_plain,1500,0.56251094889294984,0.0012374807561713278,0.11858656636535081,19.8561
0.5,1,RegressionMSR_unbiased_plain,2000,0.51097943786981492,0.0011241154015003455,0.1130242714939821,19.8561
0.5,1,RegressionMSR_unbiased_plain,2500,0.43729372115125598,0.00096201250088416253,0.10455784537174338,19.8561
0.5,1,RegressionMSR_unbiased_plain,3000,0.29747026763564122,0.00065441167404244678,0.086236631954703741,19.8561
0.5,1,RegressionMSR_unbiased_plain,3500,0.28157235186315416,0.00061943748399262909,0.083900588773731827,19.8561
0.5,1,RegressionMSR_unbiased_plain,4000,0.23856667305273313,0.00052482830342695617,0.077228018402120929,19.8561
0.5,1,RegressionMSR_unbiased_plain,4500,0.16118076417308835,0.0003545852650899143,0.063478493242414072,19.8561
0.5,1,RegressionMSR_unbiased_plain,5000,0.13313232613602982,0.00029288086203814489,0.057691491169848827,19.8561
0.5,2,EaseSHAP,500,1.3153694815656791,0.0028937115337862628,0.18134011425810334,12.954
0.5,2,EaseSHAP,1000,0.72420590289002273,0.0015931971992648921,0.13455536991235456,12.954
0.5,2,EaseSHAP,1500,0.41135108976788154,0.00090494071025581382,0.10140896037430339,12.954
0.5,2,EaseSHAP,2000,0.28489834693777211,0.00062675441694844179,0.084394660218785778,12.954
0.5,2,EaseSHAP,2500,0.21233073138643405,0.00046711125277047689,0.072857863574639983,12.954
0.5,2,EaseSHAP,3000,0.18434257014003999,0.00040553945401492229,0.067886406986236936,12.954
0.5,2,EaseSHAP,3500,0.1825310972025726,0.00040155435309403755,0.06755203498092649,12.954
0.5,2,EaseSHAP,4000,0.1575513349453124,0.0003466008003713204,0.062759727322804784,12.954
0.5,2,EaseSHAP,4500,0.16550282498169216,0.00036409346593147224,0.064323950629157606,12.954
0.5,2,EaseSHAP,5000,0.16610667634145032,0.0003654218924070088,0.064441189533839746,12.954
0.5,2,RegressionMSR_unbiased,500,3.2433489874329986,0.007135117930406565,0.2847520407052862,12.4
0.5,2,RegressionMSR_unbiased,1000,1.6628509596297363,0.0036581440183032403,0.20389034795875804,12.4
0.5,2,RegressionMSR_unbiased,1500,1.0956936157561261,0.0024104415510959689,0.16550631526894419,12.4
0.5,2,RegressionMSR_unbiased,2000,0.77970863898621623,0.0017152989431848424,0.13961631700720159,12.4
0.5,2,RegressionMSR_unbiased,2500,0.64533105804138191,0.0014196786164919061,0.1270168353055395,12.4
0.5,2,RegressionMSR_unbiased,3000,0.5038405932457618,0.0011084104932475389,0.11223196884642114,12.4
0.5,2,RegressionMSR_unbiased,3500,0.34741225836583189,0.00076428020651301968,0.093194991599043556,12.4
0.5,2,RegressionMSR_unbiased,4000,0.27662193424059883,0.00060854694656401539,0.083159776070014596,12.4
0.5,2,RegressionMSR_unbiased,4500,0.24061380410104666,0.00052933183403846597,0.077558655883957689,12.4
0.5,2,RegressionMSR_unbiased,5000,0.24665770764051045,0.00054262795625077437,0.078526700497428006,12.4
0.5,2,RegressionMSR_unbiased_plain,500,1.379650427106127,0.0030351246622797663,0.18571822925510889,20.2025
0.5,2,RegressionMSR_unbiased_plain,1000,0.67414037636421043,0.001483056897560172,0.12982106689249345,20.2025
0.5,2,RegressionMSR_unbiased_plain,1500,0.46611379909575185,0.0010254144522912605,0.10794834402339758,20.2025
0.5,2,RegressionMSR_unbiased_plain,2000,0.38656046064178051,0.00085040323585232683,0.098305704392189344,20.2025
0.5,2,RegressionMSR_unbiased_plain,2500,0.40123757554028416,0.0008826917580202219,0.10015457747156195,20.2025
0.5,2,RegressionMSR_unbiased_plain,3000,0.34938279479394369,0.00076861523486032926,0.093458920761201783,20.2025
0.5,2,RegressionMSR_unbiased_plain,3500,0.27577239551247756,0.00060667802680389106,0.083031981114579809,20.2025
0.5,2,RegressionMSR_unbiased_plain,4000,0.20883566990827454,0.00045942238675041085,0.072255738510563036,20.2025
0.5,2,RegressionMSR_unbiased_plain,4500,0.16767881531906415,0.0003688804770526105,0.064745427506323602,20.2025
0.5,2,RegressionMSR_unbiased_plain,5000,0.19739474868722967,0.00043425324138216741,0.070248620749312526,20.2025
0.5,3,EaseSHAP,500,1.3426166042903747,0.0029536531048778257,0.18320866548081008,12.9795
0.5,3,EaseSHAP,1000,0.58252150462157959,0.0012815024373194147,0.12067741137238357,12.9795
0.5,3,EaseSHAP,1500,0.51105888546425526,0.0011242901800881,0.11303305771590179,12.9795
0.5,3,EaseSHAP,2000,0.32066341642061597,0.00070543481475270292,0.089535386359335056,12.9795
0.5,3,EaseSHAP,2500,0.2436328219810088,0.00053597344081313038,0.078043709224544289,12.9795
0.5,3,EaseSHAP,3000,0.21612766894508012,0.00047546422291346843,0.073506406004014396,12.9795
0.5,3,EaseSHAP,3500,0.17532359805702183,0.00038569841018253742,0.066204908816684768,12.9795
0.5,3,EaseSHAP,4000,0.1869158894460981,0.00041120055826008976,0.068358592994242157,12.9795
0.5,3,EaseSHAP,4500,0.14049055329781474,0.00030906839497446624,0.059264355496751749,12.9795
0.5,3,EaseSHAP,5000,0.11797336841472822,0.00025953232277745318,0.054307773019782409,12.9795
0.5,3,RegressionMSR_unbiased,500,3.8071357912628421,0.0083754054691572884,0.3085099589665965,12.3215
0.5,3,RegressionMSR_unbiased,1000,1.7361338171987128,0.0038193606598234237,0.20833469569413496,12.3215
0.5,3,RegressionMSR_unbiased,1500,1.3190499755856533,0.0029018083371140655,0.18159363807590104,12.3215
0.5,3,RegressionMSR_unbiased,2000,0.90609117644461046,0.0019933307900825074,0.15050674207860346,12.3215
0.5,3,RegressionMSR_unbiased,2500,0.92182428213623857,0.0020279424106500999,0.15180779641838546,12.3215
0.5,3,RegressionMSR_unbiased,3000,0.63657729303892996,0.0014004210078073117,0.12615241704372235,12.3215
0.5,3,RegressionMSR_unbiased,3500,0.56599082667898182,0.0012451362192383449,0.11895280857119156,12.3215
0.5,3,RegressionMSR_unbiased,4000,0.56316211550133821,0.0012389132725490585,0.1186551848320732,12.3215
0.5,3,RegressionMSR_unbiased,4500,0.44534319028527597,0.00097972071291158838,0.10551577965940402,12.3215
0.5,3,RegressionMSR_unbiased,5000,0.41416663857475694,0.00091113470074333496,0.10175542228485381,12.3215
0.5,3,RegressionMSR_unbiased_plain,500,1.7420124585651724,0.0038322932179856131,0.20868711379510071,20.3123
0.5,3,RegressionMSR_unbiased_plain,1000,1.1005453639036995,0.0024211150232803379,0.16587234277477511,20.3123
0.5,3,RegressionMSR_unbiased_plain,1500,0.71352663680941097,0.0015697036365337155,0.13355959688556743,20.3123
0.5,3,RegressionMSR_unbiased_plain,2000,0.5056539252284209,0.0011123996839246394,0.11243374996285822,20.3123
0.5,3,RegressionMSR_unbiased_plain,2500,0.32517859275273037,0.00071536785486989206,0.090163544843901614,20.3123
0.5,3,RegressionMSR_unbiased_plain,3000,0.2491748489818342,0.00054816547330103224,0.078926365838963189,20.3123
0.5,3,RegressionMSR_unbiased_plain,3500,0.20915195783216561,0.0004601181958186519,0.072310434556875261,20.3123
0.5,3,RegressionMSR_unbiased_plain,4000,0.1649605383359059,0.00036290047708421533,0.06421848221810951,20.3123
0.5,3,RegressionMSR_unbiased_plain,4500,0.15664881268964403,0.00034461532093202422,0.062579711706279864,20.3123
0.5,3,RegressionMSR_unbiased_plain,5000,0.15162848437049128,0.00033357098535626326,0.061568759198657584,20.3123
0.5,4,EaseSHAP,500,1.4161657813948172,0.003115455628860884,0.18815989087706878,12.9457
0.5,4,EaseSHAP,1000,0.60502693738909086,0.0013310126557674522,0.12298647663351961,12.9457
0.5,4,EaseSHAP,1500,0.24403265281352213,0.00053685303784485562,0.078107722539695473,12.9457
0.5,4,EaseSHAP,2000,0.1623424780112033,0.00035714094604452406,0.063706843826076359,12.9457
0.5,4,EaseSHAP,2500,0.17643164469359413,0.00038813602742785,0.066413787102828678,12.9457
0.5,4,EaseSHAP,3000,0.18389955777063646,0.00040456486092840251,0.067804785555784425,12.9457
0.5,4,EaseSHAP,3500,0.18580083671488562,0.00040874752814626288,0.068154390305189744,12.9457
0.5,4,EaseSHAP,4000,0.14055262816247807,0.00030920495489496913,0.059277446841627314,12.9457
0.5,4,EaseSHAP,4500,0.15090015013763444,0.00033196870614908525,0.061420711111487961,12.9457
0.5,4,EaseSHAP,5000,0.11785620314754319,0.00025927456821513134,0.054280798434516234,12.9457
0.5,4,RegressionMSR_unbiased,500,2.4144597545598265,0.0053116254691542783,0.24568576243648238,12.5051
0.5,4,RegressionMSR_unbiased,1000,1.5213006495722383,0.0033467442400927474,0.1950192714561973,12.5051
0.5,4,RegressionMSR_unbiased,1500,0.79150222311871599,0.001741243919791926,0.14066824651629059,12.5051
0.5,4,RegressionMSR_unbiased,2000,0.55317268358055649,0.0012169372918301418,0.1175981168621076,12.5051
0.5,4,RegressionMSR_unbiased,2500,0.46782885042012989,0.0010291874330909069,0.10814675797500009,12.5051
0.5,4,RegressionMSR_unbiased,3000,0.48215249761430024,0.0010606983535376242,0.10978985581718152,12.5051
0.5,4,RegressionMSR_unbiased,3500,0.45045364354045814,0.00099096331640410201,0.10611946611490022,12.5051
0.5,4,RegressionMSR_unbiased,4000,0.46064977968758986,0.0010133940304981304,0.10731376655485421,12.5051
0.5,4,RegressionMSR_unbiased,4500,0.38329100221564621,0.00084321067916804195,0.097889095691967423,12.5051
0.5,4,RegressionMSR_unbiased,5000,0.3902655569238615,0.00085855416226160051,0.098775700063813962,12.5051
0.5,4,RegressionMSR_unbiased_plain,500,1.6525110063065738,0.0036353969175004818,0.20325544311940172,19.8721
0.5,4,RegressionMSR_unbiased_plain,1000,0.83821006895775918,0.0018439975826349095,0.14475928890383505,19.8721
0.5,4,RegressionMSR_unbiased_plain,1500,0.64214080382075078,0.0014126603029584628,0.12670248654039418,19.8721
0.5,4,RegressionMSR_unbiased_plain,2000,0.5339840568437727,0.0011747237911492092,0.11554047525042604,19.8721
0.5,4,RegressionMSR_unbiased_plain,2500,0.45627167743598507,0.0010037625427989597,0.10680258393830941,19.8721
0.5,4,RegressionMSR_unbiased_plain,3000,0.43544390906576413,0.00095794305679096868,0.10433646403172815,19.8721
0.5,4,RegressionMSR_unbiased_plain,3500,0.36628841660817363,0.00080580630057628039,0.095693314370463411,19.8721
0.5,4,RegressionMSR_unbiased_plain,4000,0.38669998944738471,0.00085071018847646075,0.098323444489016032,19.8721
0.5,4,RegressionMSR_unbiased_plain,4500,0.41975330351756929,0.00092342493326505416,0.10243940934981631,19.8721
0.5,4,RegressionMSR_unbiased_plain,5000,0.3826705653434061,0.00084184576584266167,0.09780983658909341,19.8721
0.5,5,EaseSHAP,500,2.1650844563274512,0.0047630190229430791,0.23265234021644027,12.9532
0.5,5,EaseSHAP,1000,0.97219305931811661,0.0021387498404381333,0.15590005286385544,12.9532
0.5,5,EaseSHAP,1500,0.57397231295131723,0.0012626948742069264,0.11978859638455963,12.9532
0.5,5,EaseSHAP,2000,0.34843548377166444,0.00076653122358466129,0.093332133235513315,12.9532
0.5,5,EaseSHAP,2500,0.29445145445603887,0.00064777051759280552,0.085797939144253169,12.9532
0.5,5,EaseSHAP,3000,0.27027548656790656,0.00059458525056421078,0.082200286886346466,12.9532
0.5,5,EaseSHAP,3500,0.21707058275067581,0.00047753856065115929,0.073666577012692094,12.9532
0.5,5,EaseSHAP,4000,0.23076859041746484,0.00050767312233195711,0.075955347148417535,12.9532
0.5,5,EaseSHAP,4500,0.22861644303564918,0.00050293856387637016,0.075600337802758724,12.9532
0.5,5,EaseSHAP,5000,0.2133695576095771,0.00046939659043843812,0.07303587433747491,12.9532
0.5,5,RegressionMSR_unbiased,500,3.5783499573084603,0.0078720942583082425,0.29909655453166206,12.2862
0.5,5,RegressionMSR_unbiased,1000,1.1785615843774699,0.0025927446985702378,0.17165092370691379,12.2862
0.5,5,RegressionMSR_unbiased,1500,0.74888704967765407,0.0016474938209573989,0.13682900365763595,12.2862
0.5,5,RegressionMSR_unbiased,2000,0.48584258880890147,0.0010688162699103157,0.11020918618800583,12.2862
0.5,5,RegressionMSR_unbiased,2500,0.39825423787658032,0.00087612864497280422,0.099781541113146299,12.2862
0.5,5,RegressionMSR_unbiased,3000,0.4093091701991366,0.0009004486444979037,0.10115695356710983,12.2862
0.5,5,RegressionMSR_unbiased,3500,0.35471273814809917,0.00078034069966280352,0.094169095003097919,12.2862
0.5,5,RegressionMSR_unbiased,4000,0.30320403706222099,0.0006670255250966888,0.087063775053437265,12.2862
0.5,5,RegressionMSR_unbiased,4500,0.30256390542242229,0.0006656172847998087,0.086971820928163607,12.2862
0.5,5,RegressionMSR_unbiased,5000,0.23309741630381509,0.00051279635988760609,0.076337640830689668,12.2862
0.5,5,RegressionMSR_unbiased_plain,500,1.5601980430500828,0.003432315509396551,0.19749671155807147,20.3631
0.5,5,RegressionMSR_unbiased_plain,1000,0.68321728617109723,0.001503025399922004,0.13069212736151106,20.3631
0.5,5,RegressionMSR_unbiased_plain,1500,0.73985920678793149,0.0016276332620336013,0.13600176531831595,20.3631
0.5,5,RegressionMSR_unbiased_plain,2000,0.61769451732607517,0.0013588803558186797,0.12426730436100994,20.3631
0.5,5,RegressionMSR_unbiased_plain,2500,0.40768942718505158,0.0008968853346391038,0.10095660295209169,20.3631
0.5,5,RegressionMSR_unbiased_plain,3000,0.30990394174827218,0.0006817647992983511,0.088020443896329015,20.3631
0.5,5,RegressionMSR_unbiased_plain,3500,0.27533249683433175,0.00060571028359828415,0.082965730400318252,20.3631
0.5,5,RegressionMSR_unbiased_plain,4000,0.24298414760477566,0.00053454640715415946,0.077939743970065686,20.3631
0.5,5,RegressionMSR_unbiased_plain,4500,0.2096097656065552,0.00046112533765642002,0.072389530597758947,20.3631
0.5,5,RegressionMSR_unbiased_plain,5000,0.16719124675122815,0.0003678078637617963,0.064651227125095648,20.3631
0.5,6,EaseSHAP,500,1.9342118349805195,0.0042551170405800151,0.21989837624346614,12.9106
0.5,6,EaseSHAP,1000,0.89640921511923255,0.0019720312209883769,0.14970046886359714,12.9106
0.5,6,EaseSHAP,1500,0.53748407337335646,0.0011824235579007108,0.11591851376865522,12.9106
0.5,6,EaseSHAP,2000,0.26248727257067023,0.00057745177971268026,0.081007294821310735,12.9106
0.5,6,EaseSHAP,2500,0.24079719495562071,0.00052973527979154836,0.077588207054232916,12.9106
0.5,6,EaseSHAP,3000,0.22431769240129917,0.0004934816436225392,0.074886195724128482,12.9106
0.5,6,EaseSHAP,3500,0.16970788835314443,0.00037334428142385368,0.065135990119354226,12.9106
0.5,6,EaseSHAP,4000,0.12905514024389569,0.00028391136714959401,0.056801219230729477,12.9106
0.5,6,EaseSHAP,4500,0.10141992262127798,0.00022311601717836294,0.050353729410361946,12.9106
0.5,6,EaseSHAP,5000,0.10129264918501125,0.00022283602542271473,0.050322124653329983,12.9106
0.5,6,RegressionMSR_unbiased,500,4.8533016666276856,0.010676889806617714,0.34832820968978684,12.3258
0.5,6,RegressionMSR_unbiased,1000,2.0408453899628007,0.0044897026473355956,0.22587858408682757,12.3258
0.5,6,RegressionMSR_unbiased,1500,1.2399886182654947,0.0027278794412711853,0.17606736056588504,12.3258
0.5,6,RegressionMSR_unbiased,2000,0.9685798703189985,0.0021308011029715682,0.15561007923002595,12.3258
0.5,6,RegressionMSR_unbiased,2500,0.86936423464370338,0.0019125343472735405,0.14742491602877913,12.3258
0.5,6,RegressionMSR_unbiased,3000,0.89175435180793883,0.0019617908802773728,0.14931128154027234,12.3258
0.5,6,RegressionMSR_unbiased,3500,0.66631916718455608,0.0014658508398490097,0.12906579399520968,12.3258
0.5,6,RegressionMSR_unbiased,4000,0.59880860496671307,0.0013173328034493542,0.12235283047060182,12.3258
0.5,6,RegressionMSR_unbiased,4500,0.50388076278507055,0.0011084988631396746,0.11223644269855831,12.3258
0.5,6,RegressionMSR_unbiased,5000,0.47929701026441596,0.0010544165013320328,0.10946426474704153,12.3258
0.5,6,RegressionMSR_unbiased_plain,500,1.4377226735061253,0.0031628791309333422,0.18958656818892294,20.0365
0.5,6,RegressionMSR_unbiased_plain,1000,0.58321248634761458,0.0012830225438889263,0.12074896338557263,20.0365
0.5,6,RegressionMSR_unbiased_plain,1500,0.4587900385273298,0.0010093027432053038,0.10709692321996576,20.0365
0.5,6,RegressionMSR_unbiased_plain,2000,0.38643009152938218,0.00085011643384765544,0.098289125991813331,20.0365
0.5,6,RegressionMSR_unbiased_plain,2500,0.34631151245820091,0.00076185865030898767,0.093047234303094806,20.0365
0.5,6,RegressionMSR_unbiased_plain,3000,0.26124808504881564,0.00057472566262180291,0.080815853186243056,20.0365
0.5,6,RegressionMSR_unbiased_plain,3500,0.20287309728897174,0.00044630518629736602,0.071216763702265304,20.0365
0.5,6,RegressionMSR_unbiased_plain,4000,0.12517451964216972,0.00027537430075810624,0.055940709604493252,20.0365
0.5,6,RegressionMSR_unbiased_plain,4500,0.11410158546088743,0.00025101469853053033,0.053409171838947167,20.0365
0.5,6,RegressionMSR_unbiased_plain,5000,0.10878984869269286,0.00023932928681467876,0.052151186154461737,20.0365
0.5,7,EaseSHAP,500,1.5370483154394918,0.0033813878919251154,0.19602603879583777,12.9801
0.5,7,EaseSHAP,1000,0.84677826639156961,0.00186284695696315,0.1454972737194386,12.9801
0.5,7,EaseSHAP,1500,0.52734337988708757,0.0011601148133897165,0.11481979140016405,12.9801
0.5,7,EaseSHAP,2000,0.44732333450329809,0.00098407687765659255,0.10575009864100579,12.9801
0.5,7,EaseSHAP,2500,0.36343798869723504,0.00079953557874663046,0.09532024820273434,12.9801
0.5,7,EaseSHAP,3000,0.24140314917794534,0.00053106833240274334,0.077685769156574838,12.9801
0.5,7,EaseSHAP,3500,0.21026033337507916,0.00046255653663257885,0.072501781594502754,12.9801
0.5,7,EaseSHAP,4000,0.19124957725430325,0.00042073433760511858,0.069146507007639801,12.9801
0.5,7,EaseSHAP,4500,0.14645364185040105,0.00032218673044099141,0.060509016239400443,12.9801
0.5,7,EaseSHAP,5000,0.12764688418172837,0.00028081331229373144,0.056490460296790015,12.9801
0.5,7,RegressionMSR_unbiased,500,6.9051764759281724,0.015190856326877014,0.41548695755487236,12.393
0.5,7,RegressionMSR_unbiased,1000,2.2859021642354063,0.0050288086735002201,0.23905554606803242,12.393
0.5,7,RegressionMSR_unbiased,1500,1.3748625737746667,0.003024591753768895,0.18539569667165059,12.393
0.5,7,RegressionMSR_unbiased,2000,0.80964252099645284,0.0017811511777379165,0.14227108991257262,12.393
0.5,7,RegressionMSR_unbiased,2500,0.76768945817411438,0.0016888576712608175,0.13853604749072662,12.393
0.5,7,RegressionMSR_unbiased,3000,0.63592549152188216,0.0013989870946794385,0.12608781577950762,12.393
0.5,7,RegressionMSR_unbiased,3500,0.46586251777339532,0.0010248616527388011,0.10791924269718947,12.393
0.5,7,RegressionMSR_unbiased,4000,0.4073059853408672,0.00089604179211922425,0.10090911571073091,12.393
0.5,7,RegressionMSR_unbiased,4500,0.32844409493531207,0.00072255170812311894,0.09061513324706201,12.393
0.5,7,RegressionMSR_unbiased,5000,0.3214394196454109,0.00070714196207010273,0.089643658398881026,12.393
0.5,7,RegressionMSR_unbiased_plain,500,1.2744287334263433,0.0028036450416310554,0.17849570957213112,19.8989
0.5,7,RegressionMSR_unbiased_plain,1000,0.66152651844069787,0.0014553073818002636,0.12860078911506512,19.8989
0.5,7,RegressionMSR_unbiased_plain,1500,0.41026141475410965,0.00090254350916545763,0.10127455439967506,19.8989
0.5,7,RegressionMSR_unbiased_plain,2000,0.25034702549797139,0.00055074417134132897,0.079111792025268163,19.8989
0.5,7,RegressionMSR_unbiased_plain,2500,0.30068280218538007,0.00066147900258362675,0.086701038371143513,19.8989
0.5,7,RegressionMSR_unbiased_plain,3000,0.29891999006607817,0.0006576009517142617,0.086446513820118587,19.8989
0.5,7,RegressionMSR_unbiased_plain,3500,0.24168544981786322,0.00053168937206435481,0.077731179364824904,19.8989
0.5,7,RegressionMSR_unbiased_plain,4000,0.20014958478343797,0.00044031366858304788,0.070737116279828302,19.8989
0.5,7,RegressionMSR_unbiased_plain,4500,0.18884269455338271,0.00041543938107029444,0.068710023750793214,19.8989
0.5,7,RegressionMSR_unbiased_plain,5000,0.16709500376485908,0.00036759613660558262,0.064632616333562404,19.8989
0.5,8,EaseSHAP,500,1.192858115238421,0.0026241959651727006,0.17268889043873242,13.0322
0.5,8,EaseSHAP,1000,0.58717998930708482,0.0012917507447747219,0.12115898535674983,13.0322
0.5,8,EaseSHAP,1500,0.35710147251789592,0.00078559573126715907,0.094485643422413113,13.0322
0.5,8,EaseSHAP,2000,0.25846312962096135,0.00056859897521145631,0.080383942678398365,13.0322
0.5,8,EaseSHAP,2500,0.18980143530597282,0.00041754853687219027,0.068884220853903264,13.0322
0.5,8,EaseSHAP,3000,0.15440878594759744,0.00033968743465345985,0.062130665928267138,13.0322
0.5,8,EaseSHAP,3500,0.12118341397227422,0.00026659417572754112,0.055041669208944377,13.0322
0.5,8,EaseSHAP,4000,0.13988707454563484,0.00030774078820689909,0.059136933160596615,13.0322
0.5,8,EaseSHAP,4500,0.11710902398237379,0.00025763083160853015,0.054108461441435801,13.0322
0.5,8,EaseSHAP,5000,0.12144452812569952,0.00026716860675090817,0.055100936499686531,13.0322
0.5,8,RegressionMSR_unbiased,500,5.1726061881225069,0.011379335157212183,0.35960416391229771,12.2848
0.5,8,RegressionMSR_unbiased,1000,2.2801639226049955,0.0050161849839420536,0.23875531002498121,12.2848
0.5,8,RegressionMSR_unbiased,1500,1.3869103782005781,0.0030510959954383643,0.18620622829275732,12.2848
0.5,8,RegressionMSR_unbiased,2000,0.96701002248367163,0.0021273475586625064,0.15548392380594139,12.2848
0.5,8,RegressionMSR_unbiased,2500,0.53857398838703874,0.001184821286972382,0.11603598454650164,12.2848
0.5,8,RegressionMSR_unbiased,3000,0.49633756946010876,0.0010919044188926941,0.11139317410192924,12.2848
0.5,8,RegressionMSR_unbiased,3500,0.42410440306144903,0.00093299701708730474,0.1029689762818696,12.2848
0.5,8,RegressionMSR_unbiased,4000,0.4453792195442613,0.00097979997450594702,0.10552004780422786,12.2848
0.5,8,RegressionMSR_unbiased,4500,0.41068444100050827,0.00090347413432093938,0.1013267537475306,12.2848
0.5,8,RegressionMSR_unbiased,5000,0.41458151675709831,0.00091204740078555321,0.10180637464779628,12.2848
0.5,8,RegressionMSR_unbiased_plain,500,1.2072148664821412,0.0026557797119783535,0.17372498859419599,20.2193
0.5,8,RegressionMSR_unbiased_plain,1000,0.85064086277145146,0.0018713443714550241,0.14582874054618411,20.2193
0.5,8,RegressionMSR_unbiased_plain,1500,0.47475224878536482,0.0010444183761705885,0.10894405086848073,20.2193
0.5,8,RegressionMSR_unbiased_plain,2000,0.34307128411651433,0.0007547303975588333,0.092610917838626669,20.2193
0.5,8,RegressionMSR_unbiased_plain,2500,0.30821343111393568,0.00067804580612637545,0.087780042024644706,20.2193
0.5,8,RegressionMSR_unbiased_plain,3000,0.20592797209598801,0.00045302567554941553,0.071750953320493943,20.2193
0.5,8,RegressionMSR_unbiased_plain,3500,0.18360160205516432,0.00040390938130651483,0.067749834327318528,20.2193
0.5,8,RegressionMSR_unbiased_plain,4000,0.15528800635173159,0.00034162165181437105,0.062307304217028125,20.2193
0.5,8,RegressionMSR_unbiased_plain,4500,0.15010261903555125,0.00033021419915998858,0.06125818701111535,20.2193
0.5,8,RegressionMSR_unbiased_plain,5000,0.12437423538022323,0.00027361373702939202,0.055761598654500401,20.2193
0.5,9,EaseSHAP,500,1.8653336698568812,0.0041035903831369179,0.21594754396941407,12.9299
0.5,9,EaseSHAP,1000,0.82630338494856714,0.0018178037950114226,0.14372746649027868,12.9299
0.5,9,EaseSHAP,1500,0.52637682871519642,0.0011579884752670115,0.11471451833957162,12.9299
0.5,9,EaseSHAP,2000,0.36565048276658146,0.00080440289526615381,0.095609947542944176,12.9299
0.5,9,EaseSHAP,2500,0.21646787735521786,0.00047621265520880713,0.073564236785821718,12.9299
0.5,9,EaseSHAP,3000,0.1852726985846726,0.0004075856649433774,0.068057457083091313,12.9299
0.5,9,EaseSHAP,3500,0.17384375864625159,0.00038244287747396326,0.065924911574884115,12.9299
0.5,9,EaseSHAP,4000,0.15265736352665704,0.00033583444024311776,0.061777294276833018,12.9299
0.5,9,EaseSHAP,4500,0.11888097352209961,0.00026152898409895334,0.054516275900436298,12.9299
0.5,9,EaseSHAP,5000,0.098081674995780604,0.00021577212955445501,0.049518096438519468,12.9299
0.5,9,RegressionMSR_unbiased,500,3.6084319019192201,0.0079382722191768968,0.30035112376680151,12.3411
0.5,9,RegressionMSR_unbiased,1000,1.7665296781805166,0.0038862292125267407,0.21015052213714083,12.3411
0.5,9,RegressionMSR_unbiased,1500,0.79804207336661959,0.0017556310865589912,0.14124819232176208,12.3411
0.5,9,RegressionMSR_unbiased,2000,0.73414818183627728,0.001615069447072141,0.13547584487984171,12.3411
0.5,9,RegressionMSR_unbiased,2500,0.72746198800927109,0.0016003603357042015,0.13485751629120188,12.3411
0.5,9,RegressionMSR_unbiased,3000,0.64262396195669735,0.001413723213638865,0.12675014417710709,12.3411
0.5,9,RegressionMSR_unbiased,3500,0.54612143477852226,0.0012014250876380879,0.1168462060550665,12.3411
0.5,9,RegressionMSR_unbiased,4000,0.38744879004262367,0.0008523574921043128,0.098418594539170248,12.3411
0.5,9,RegressionMSR_unbiased,4500,0.41214165102731748,0.00090667988412798802,0.10150636076464833,12.3411
0.5,9,RegressionMSR_unbiased,5000,0.41823644333906779,0.00092008795771925827,0.10225414946825727,12.3411
0.5,9,RegressionMSR_unbiased_plain,500,1.4348957362990553,0.0031566600868426654,0.18940008819289492,20.0438
0.5,9,RegressionMSR_unbiased_plain,1000,0.72988271706422381,0.001605685753151283,0.13508170833464314,20.0438
0.5,9,RegressionMSR_unbiased_plain,1500,0.40209192681902178,0.00088457126502098141,0.10026114985614092,20.0438
0.5,9,RegressionMSR_unbiased_plain,2000,0.28202948150022455,0.0006204431339805333,0.083968666998503749,20.0438
0.5,9,RegressionMSR_unbiased_plain,2500,0.1887304702146905,0.00041519249617004677,0.068689604419935796,20.0438
0.5,9,RegressionMSR_unbiased_plain,3000,0.17889324471999896,0.00039355135786374966,0.066875489665496834,20.0438
0.5,9,RegressionMSR_unbiased_plain,3500,0.15672233204922961,0.00034477705785976271,0.062594395126326932,20.0438
0.5,9,RegressionMSR_unbiased_plain,4000,0.15702164993291873,0.00034543553414679705,0.062654139913679838,20.0438
0.5,9,RegressionMSR_unbiased_plain,4500,0.17329190411158407,0.00038122884000820205,0.065820191452088631,20.0438
0.5,9,RegressionMSR_unbiased_plain,5000,0.15416059955515793,0.00033914144370840904,0.062080713501690261,20.0438
0.707107,0,EaseSHAP,500,2.5153433221058408,0.0035219366535263548,0.25076599261591676,12.3455
0.707107,0,EaseSHAP,1000,0.87973079607284244,0.001231782599494579,0.14830128085023767,12.3455
0.707107,0,EaseSHAP,1500,0.60253499845791159,0.00084365823044973227,0.12273294163120098,12.3455
0.707107,0,EaseSHAP,2000,0.40947569990888877,0.00057334021306885074,0.10117752960871412,12.3455
0.707107,0,EaseSHAP,2500,0.33661864286370158,0.00047132712506594464,0.091735849435171976,12.3455
0.707107,0,EaseSHAP,3000,0.29516418167406888,0.00041328336418732143,0.085901714429059695,12.3455
0.707107,0,EaseSHAP,3500,0.24824396237435861,0.00034758655107602128,0.078778798285826665,12.3455
0.707107,0,EaseSHAP,4000,0.19896147051912691,0.00027858212813436806,0.070526851361578394,12.3455
0.707107,0,EaseSHAP,4500,0.14843689581731942,0.00020783856403229091,0.060917340679259677,12.3455
0.707107,0,EaseSHAP,5000,0.14625608844473167,0.0002047850383555785,0.060468191730184001,12.3455
0.707107,0,RegressionMSR_unbiased,500,2.9000917540173266,0.0040606542086318734,0.26926249989635231,11.8796
0.707107,0,RegressionMSR_unbiased,1000,1.4602263066035082,0.0020445815513425599,0.19106453795795728,11.8796
0.707107,0,RegressionMSR_unbiased,1500,0.70132232454172894,0.00098197839596382845,0.13241245452578557,11.8796
0.707107,0,RegressionMSR_unbiased,2000,0.5517757800488885,0.00077258612261936986,0.11744954023418831,11.8796
0.707107,0,RegressionMSR_unbiased,2500,0.53639858121181538,0.0007510552565396214,0.11580140124495639,11.8796
0.707107,0,RegressionMSR_unbiased,3000,0.5014371186216916,0.00070210287080566859,0.11196395833277016,11.8796
0.707107,0,RegressionMSR_unbiased,3500,0.40268352441488714,0.00056382993603458856,0.10033487982936033,11.8796
0.707107,0,RegressionMSR_unbiased,4000,0.37693831668809369,0.0005277819779094399,0.097074496739371977,11.8796
0.707107,0,RegressionMSR_unbiased,4500,0.36842421388950508,0.00051586069048330187,0.095971898737274269,11.8796
0.707107,0,RegressionMSR_unbiased,5000,0.36429094349604524,0.00051007336261846227,0.095432036483568405,11.8796
0.707107,0,RegressionMSR_unbiased_plain,500,1.6148450489856472,0.0022610758212627002,0.20092567338357031,12.2772
0.707107,0,RegressionMSR_unbiased_plain,1000,0.76023166526175767,0.0010644621525522707,0.13786149437585518,12.2772
0.707107,0,RegressionMSR_unbiased_plain,1500,0.47821667640870125,0.00066959004211055643,0.10934082910888106,12.2772
0.707107,0,RegressionMSR_unbiased_plain,2000,0.4261698271887982,0.00059671501771242663,0.10321940553849338,12.2772
0.707107,0,RegressionMSR_unbiased_plain,2500,0.29790917089170282,0.00041712684672672517,0.08630022753326072,12.2772
0.707107,0,RegressionMSR_unbiased_plain,3000,0.26324684657051711,0.00036859330879958525,0.081124417805386609,12.2772
0.707107,0,RegressionMSR_unbiased_plain,3500,0.25739806961015083,0.00036040396073962774,0.080218150940131822,12.2772
0.707107,0,RegressionMSR_unbiased_plain,4000,0.20359736234034315,0.0002850732171175035,0.071343773789368459,12.2772
0.707107,0,RegressionMSR_unbiased_plain,4500,0.17369872427966596,0.00024320970355615822,0.065897405920048543,12.2772
0.707107,0,RegressionMSR_unbiased_plain,5000,0.17910810371452834,0.00025078381542273381,0.066915637879820064,12.2772
0.707107,1,EaseSHAP,500,2.0896272130250209,0.0029258569234189295,0.22856220231181165,12.2879
0.707107,1,EaseSHAP,1000,0.63377339025877211,0.00088739764212915242,0.12587428155294195,12.2879
0.707107,1,EaseSHAP,1500,0.47608494388290751,0.00066660523011605633,0.10909685420337605,12.2879
0.707107,1,EaseSHAP,2000,0.33030395648221639,0.00046248541935244497,0.09087133162915248,12.2879
0.707107,1,EaseSHAP,2500,0.27506524358053935,0.00038514120715195664,0.082925455015414193,12.2879
0.707107,1,EaseSHAP,3000,0.22444652356993741,0.00031426582255011443,0.074907697129523582,12.2879
0.707107,1,EaseSHAP,3500,0.17240844506551267,0.00024140307874368324,0.065652198185878113,12.2879
0.707107,1,EaseSHAP,4000,0.13800985752589168,0.00019323882012315429,0.058738798405715553,12.2879
0.707107,1,EaseSHAP,4500,0.13992440991657923,0.00019591954055626554,0.059144824354413976,12.2879
0.707107,1,EaseSHAP,5000,0.15828670044124854,0.00022163007616115871,0.062906021262127298,12.2879
0.707107,1,RegressionMSR_unbiased,500,2.3652564442248143,0.0033117878154822577,0.24316951105272297,11.9459
0.707107,1,RegressionMSR_unbiased,1000,1.2812459150561957,0.0017939765561066634,0.17897247798587607,11.9459
0.707107,1,RegressionMSR_unbiased,1500,0.63854118866374932,0.00089407342424268732,0.12634686270973938,11.9459
0.707107,1,RegressionMSR_unbiased,2000,0.4003699818660621,0.00056059055704779561,0.1000462370439366,11.9459
0.707107,1,RegressionMSR_unbiased,2500,0.27789910552394087,0.00038910912761902966,0.083351530508434704,11.9459
0.707107,1,RegressionMSR_unbiased,3000,0.33086407488301584,0.00046326968665653554,0.090948347275117622,11.9459
0.707107,1,RegressionMSR_unbiased,3500,0.31319445106013827,0.00043852901000659218,0.08848650335787632,11.9459
0.707107,1,RegressionMSR_unbiased,4000,0.20903628090781207,0.00029268868912483043,0.072290435208921672,11.9459
0.707107,1,RegressionMSR_unbiased,4500,0.21048300542994711,0.00029471436573020015,0.072540162225822727,11.9459
0.707107,1,RegressionMSR_unbiased,5000,0.24037484707770115,0.00033656836308134221,0.077520134010091404,11.9459
0.707107,1,RegressionMSR_unbiased_plain,500,1.7054342620217109,0.0023879171422871051,0.20648451891253922,12.3538
0.707107,1,RegressionMSR_unbiased_plain,1000,0.67107705802627149,0.00093962953972607122,0.1295257752366562,12.3538
0.707107,1,RegressionMSR_unbiased_plain,1500,0.47927436954146163,0.0006710710042439217,0.10946167931535007,12.3538
0.707107,1,RegressionMSR_unbiased_plain,2000,0.451225785374536,0.00063179790152714766,0.10621037912729341,12.3538
0.707107,1,RegressionMSR_unbiased_plain,2500,0.37400515839295423,0.00052367502454865654,0.096696064862143466,12.3538
0.707107,1,RegressionMSR_unbiased_plain,3000,0.2395828549630393,0.00033545943054182856,0.077392321157050095,12.3538
0.707107,1,RegressionMSR_unbiased_plain,3500,0.22584747609108349,0.00031622741005616657,0.07514111326216219,12.3538
0.707107,1,RegressionMSR_unbiased_plain,4000,0.19206595148750996,0.00026892715141245936,0.069293930377687121,12.3538
0.707107,1,RegressionMSR_unbiased_plain,4500,0.13634609527870734,0.00019090925135629262,0.058383665369413758,12.3538
0.707107,1,RegressionMSR_unbiased_plain,5000,0.12124471050906277,0.00016976457497283633,0.055055587933710862,12.3538
0.707107,2,EaseSHAP,500,1.1263918063047076,0.0015771527306002407,0.16780880536377613,12.3163
0.707107,2,EaseSHAP,1000,0.69036303468112159,0.00096663340336680247,0.13137380205744234,12.3163
0.707107,2,EaseSHAP,1500,0.49077780418780254,0.00068717789818811478,0.11076752730243221,12.3163
0.707107,2,EaseSHAP,2000,0.34467348376546991,0.00048260536257767762,0.092826920093993986,12.3163
0.707107,2,EaseSHAP,2500,0.2753747736619595,0.00038557460538015954,0.082972099777871039,12.3163
0.707107,2,EaseSHAP,3000,0.31817273796104945,0.0004454995141735583,0.089186985872526478,12.3163
0.707107,2,EaseSHAP,3500,0.21186589835514463,0.00029665066652792901,0.072778069903499193,12.3163
0.707107,2,EaseSHAP,4000,0.19043751782285753,0.00026664704906580471,0.068999550328762552,12.3163
0.707107,2,EaseSHAP,4500,0.18385130588672874,0.00025742515835136938,0.067795889603782161,12.3163
0.707107,2,EaseSHAP,5000,0.16127549316504672,0.00022581492780794109,0.063497144259613489,12.3163
0.707107,2,RegressionMSR_unbiased,500,2.3212718499248979,0.0032502014095654422,0.24089789589808047,11.9026
0.707107,2,RegressionMSR_unbiased,1000,1.2580118594274912,0.0017614446661615971,0.17734231442520218,11.9026
0.707107,2,RegressionMSR_unbiased,1500,0.84846469345218878,0.001188004387643798,0.14564208641840007,11.9026
0.707107,2,RegressionMSR_unbiased,2000,0.59202337824741147,0.00082894005652017311,0.12165765268237459,11.9026
0.707107,2,RegressionMSR_unbiased,2500,0.46124810457628479,0.00064583096533985559,0.10738343733745496,11.9026
0.707107,2,RegressionMSR_unbiased,3000,0.38675819467333217,0.00054153158731878816,0.098330843924138586,11.9026
0.707107,2,RegressionMSR_unbiased,3500,0.27959000290679509,0.00039147669049511462,0.083604725181474507,11.9026
0.707107,2,RegressionMSR_unbiased,4000,0.21985488069017076,0.00030783669010682842,0.074137520981310601,11.9026
0.707107,2,RegressionMSR_unbiased,4500,0.1881132848724367,0.00026339270157873178,0.068577198264517317,11.9026
0.707107,2,RegressionMSR_unbiased,5000,0.19251889955720833,0.00026956136082427007,0.069375590007798901,11.9026
0.707107,2,RegressionMSR_unbiased_plain,500,1.2237933022197951,0.0017135324826431748,0.17491378606472069,12.3069
0.707107,2,RegressionMSR_unbiased_plain,1000,0.68622966716949929,0.00096084593951892901,0.13097992853577789,12.3069
0.707107,2,RegressionMSR_unbiased_plain,1500,0.45913075132632764,0.00064286628693832268,0.10713668271492352,12.3069
0.707107,2,RegressionMSR_unbiased_plain,2000,0.39313905245134229,0.00055046594498352967,0.09913867212790152,12.3069
0.707107,2,RegressionMSR_unbiased_plain,2500,0.38148891095676152,0.00053415363485555028,0.09765870557159273,12.3069
0.707107,2,RegressionMSR_unbiased_plain,3000,0.32475165725626409,0.00045471119386864261,0.090104336362944265,12.3069
0.707107,2,RegressionMSR_unbiased_plain,3500,0.24241796650801906,0.00033942910067764941,0.077848886714586202,12.3069
0.707107,2,RegressionMSR_unbiased_plain,4000,0.18386215251202789,0.0002574403455931556,0.067797889442081441,12.3069
0.707107,2,RegressionMSR_unbiased_plain,4500,0.15206513922107695,0.00021291876255601005,0.061657347336119835,12.3069
0.707107,2,RegressionMSR_unbiased_plain,5000,0.18565113278117193,0.00025994524229133633,0.068126928005960291,12.3069
0.707107,3,EaseSHAP,500,1.2990252455015026,0.0018188708419165465,0.18020996403511533,12.3467
0.707107,3,EaseSHAP,1000,0.61366194205663782,0.00085923796867380328,0.12386100496692228,12.3467
0.707107,3,EaseSHAP,1500,0.45986098857561186,0.00064388875147086656,0.10722184812056867,12.3467
0.707107,3,EaseSHAP,2000,0.36087406263634403,0.00050528910997400041,0.094983427848802149,12.3467
0.707107,3,EaseSHAP,2500,0.24987940133701658,0.00034987646210986301,0.079037870881150482,12.3467
0.707107,3,EaseSHAP,3000,0.25509214373601685,0.00035717524647821706,0.079858021471862314,12.3467
0.707107,3,EaseSHAP,3500,0.1843322112121307,0.00025809851298949139,0.067884499558465233,12.3467
0.707107,3,EaseSHAP,4000,0.16089992903603836,0.00022528906994190756,0.063423167895501398,12.3467
0.707107,3,EaseSHAP,4500,0.13473387030136375,0.00018865184411031739,0.05803745995074297,12.3467
0.707107,3,EaseSHAP,5000,0.12711817610475712,0.00017798849159801641,0.056373348336061502,12.3467
0.707107,3,RegressionMSR_unbiased,500,2.7497627875785149,0.0038501664027190286,0.26219090314017929,11.9309
0.707107,3,RegressionMSR_unbiased,1000,1.1834026289351809,0.0016569782176839897,0.17200309800517988,11.9309
0.707107,3,RegressionMSR_unbiased,1500,0.82391904478456357,0.0011536360296676331,0.14351995024948305,11.9309
0.707107,3,RegressionMSR_unbiased,2000,0.6167747969428633,0.00086359652983901544,0.1241747555808812,11.9309
0.707107,3,RegressionMSR_unbiased,2500,0.61376592901045524,0.00085938356926077667,0.12387149884158735,11.9309
0.707107,3,RegressionMSR_unbiased,3000,0.4536772101404643,0.00063523034061433239,0.10649849883219766,11.9309
0.707107,3,RegressionMSR_unbiased,3500,0.41571653021065441,0.00058207850688149216,0.10194563872606988,11.9309
0.707107,3,RegressionMSR_unbiased,4000,0.40151661942734423,0.00056219605750568483,0.10018939807027293,11.9309
0.707107,3,RegressionMSR_unbiased,4500,0.33076631678211504,0.00046313280759286427,0.090934910345548126,11.9309
0.707107,3,RegressionMSR_unbiased,5000,0.30774526605531666,0.00043089916312578539,0.087713349333969209,11.9309
0.707107,3,RegressionMSR_unbiased_plain,500,1.6387104193267035,0.0022944916662550963,0.20240494184472765,12.3528
0.707107,3,RegressionMSR_unbiased_plain,1000,1.0780165693344281,0.0015094186289723115,0.16416581322967552,12.3528
0.707107,3,RegressionMSR_unbiased_plain,1500,0.70437561637861834,0.00098625355806187978,0.13270037833203588,12.3528
0.707107,3,RegressionMSR_unbiased_plain,2000,0.54063101932202917,0.00075698143718587376,0.11625736743557687,12.3528
0.707107,3,RegressionMSR_unbiased_plain,2500,0.35589521387110268,0.00049831781909511256,0.094325926164430349,12.3528
0.707107,3,RegressionMSR_unbiased_plain,3000,0.26672183562227891,0.00037345892344727336,0.081658103642914537,12.3528
0.707107,3,RegressionMSR_unbiased_plain,3500,0.21676501331058617,0.00030351031561828194,0.07361470867132909,12.3528
0.707107,3,RegressionMSR_unbiased_plain,4000,0.17640688290821716,0.00024700161659388739,0.066409126426308515,12.3528
0.707107,3,RegressionMSR_unbiased_plain,4500,0.16646584837500525,0.00023308236605309895,0.064510822420545316,12.3528
0.707107,3,RegressionMSR_unbiased_plain,5000,0.16329016135496996,0.0002286358285098158,0.063892519389003977,12.3528
0.707107,4,EaseSHAP,500,1.5657808243665488,0.0021923770120209525,0.19784974250466875,12.3867
0.707107,4,EaseSHAP,1000,0.62330994304434684,0.00087274691912730376,0.12483087989799908,12.3867
0.707107,4,EaseSHAP,1500,0.39238196955601157,0.00054940589167971638,0.099043168562502532,12.3867
0.707107,4,EaseSHAP,2000,0.35175537292330189,0.00049252129126303018,0.09377571286363301,12.3867
0.707107,4,EaseSHAP,2500,0.3597525418471943,0.00050371877755047605,0.094835718725487891,12.3867
0.707107,4,EaseSHAP,3000,0.33597596048682454,0.00047042725322745397,0.091648235183066196,12.3867
0.707107,4,EaseSHAP,3500,0.29116554979753323,0.00040768455465457759,0.085317868849018541,12.3867
0.707107,4,EaseSHAP,4000,0.22857106478191783,0.00032004092797838349,0.075592834445785573,12.3867
0.707107,4,EaseSHAP,4500,0.19924603649857128,0.00027898057209410263,0.070577269091856215,12.3867
0.707107,4,EaseSHAP,5000,0.14499233364191411,0.00020301555252754175,0.060206381231957901,12.3867
0.707107,4,RegressionMSR_unbiased,500,1.8741663603939491,0.0026241726691811772,0.21645821539005797,11.9074
0.707107,4,RegressionMSR_unbiased,1000,1.1016197718602225,0.0015424673914953557,0.16595328950191243,11.9074
0.707107,4,RegressionMSR_unbiased,1500,0.53905044597227159,0.00075476834795659199,0.11608729968996087,11.9074
0.707107,4,RegressionMSR_unbiased,2000,0.38943195605204894,0.00054527533797092665,0.098670152028367861,11.9074
0.707107,4,RegressionMSR_unbiased,2500,0.31177101647337452,0.00043653594353293748,0.088285193616111882,11.9074
0.707107,4,RegressionMSR_unbiased,3000,0.310169101957606,0.00043429297280233448,0.088058091899269261,11.9074
0.707107,4,RegressionMSR_unbiased,3500,0.27850374635215142,0.00038995573439289561,0.083442157563211342,11.9074
0.707107,4,RegressionMSR_unbiased,4000,0.30733465514459407,0.00043032423341177683,0.087654813778906923,11.9074
0.707107,4,RegressionMSR_unbiased,4500,0.26627019553732312,0.00037282654545122475,0.081588938517626747,11.9074
0.707107,4,RegressionMSR_unbiased,5000,0.2740842347116359,0.00038376761688995896,0.08277744782119642,11.9074
0.707107,4,RegressionMSR_unbiased_plain,500,1.7486290839328886,0.0024483977236831101,0.20908306267682761,12.3604
0.707107,4,RegressionMSR_unbiased_plain,1000,0.7671823232542232,0.0010741943338154216,0.13849028154118101,12.3604
0.707107,4,RegressionMSR_unbiased_plain,1500,0.5984568698463647,0.00083794811107613639,0.12231689068219123,12.3604
0.707107,4,RegressionMSR_unbiased_plain,2000,0.44346157347022358,0.00062092659729952033,0.10529263666921629,12.3604
0.707107,4,RegressionMSR_unbiased_plain,2500,0.3701465311965777,0.00051827224694936055,0.096195962908608809,12.3604
0.707107,4,RegressionMSR_unbiased_plain,3000,0.36407558662022138,0.00050977182395060437,0.095403824166044482,12.3604
0.707107,4,RegressionMSR_unbiased_plain,3500,0.30272406932874446,0.00042386857742384001,0.086994837394058111,12.3604
0.707107,4,RegressionMSR_unbiased_plain,4000,0.33388608072314974,0.0004675010426873408,0.091362749619736949,12.3604
0.707107,4,RegressionMSR_unbiased_plain,4500,0.3514152399341251,0.00049204504341601567,0.093730363268010056,12.3604
0.707107,4,RegressionMSR_unbiased_plain,5000,0.31127186102559845,0.00043583703541495613,0.088214491585226304,12.3604
0.707107,5,EaseSHAP,500,2.2638108255690859,0.0031697455584498665,0.23789760536673579,12.3573
0.707107,5,EaseSHAP,1000,0.8844163535615992,0.0012383432294160808,0.14869569206617916,12.3573
0.707107,5,EaseSHAP,1500,0.5641220824339398,0.00078987318419990529,0.11875627166953538,12.3573
0.707107,5,EaseSHAP,2000,0.51366600162671716,0.00071922552396739582,0.11332100441077959,12.3573
0.707107,5,EaseSHAP,2500,0.39937982294921148,0.00055920415505987433,0.09992244779693045,12.3573
0.707107,5,EaseSHAP,3000,0.30167353394871704,0.00042239763744191845,0.086843758259980475,12.3573
0.707107,5,EaseSHAP,3500,0.22828446425245305,0.00031963963527978004,0.075545427434831072,12.3573
0.707107,5,EaseSHAP,4000,0.24664384316338717,0.00034534609409760217,0.078524493497791364,12.3573
0.707107,5,EaseSHAP,4500,0.22002458969786143,0.00030807431348387062,0.074166129347880458,12.3573
0.707107,5,EaseSHAP,5000,0.21409108168228666,0.00029976632658586342,0.073159258074813521,12.3573
0.707107,5,RegressionMSR_unbiased,500,2.7793599527141239,0.0038916077995317325,0.26359817681056352,11.953
0.707107,5,RegressionMSR_unbiased,1000,0.89496180463366515,0.001253108772684975,0.14957956115673568,11.953
0.707107,5,RegressionMSR_unbiased,1500,0.52325041336124667,0.00073264543793845056,0.11437333751373688,11.953
0.707107,5,RegressionMSR_unbiased,2000,0.34820229136173497,0.00048754633294434841,0.093300896480384227,11.953
0.707107,5,RegressionMSR_unbiased,2500,0.2938661903350393,0.00041146594100190082,0.085712628931657334,11.953
0.707107,5,RegressionMSR_unbiased,3000,0.28273104903001756,0.00039587472450286693,0.084073041016430677,11.953
0.707107,5,RegressionMSR_unbiased,3500,0.23132453305585118,0.00032389628273376105,0.076046783800475609,11.953
0.707107,5,RegressionMSR_unbiased,4000,0.21382152646954924,0.00029938890042079656,0.073113187331279236,11.953
0.707107,5,RegressionMSR_unbiased,4500,0.20414298317081281,0.00028583718519489094,0.071439306962416141,11.953
0.707107,5,RegressionMSR_unbiased,5000,0.15007408095142014,0.00021013092002271309,0.061252363413875743,11.953
0.707107,5,RegressionMSR_unbiased_plain,500,1.5759506200947053,0.0022066165697064155,0.19849122273382175,12.3189
0.707107,5,RegressionMSR_unbiased_plain,1000,0.71920664838302273,0.0010070196915621782,0.13409014210439024,12.3189
0.707107,5,RegressionMSR_unbiased_plain,1500,0.6922428776374776,0.00096926552429943153,0.13155254441072942,12.3189
0.707107,5,RegressionMSR_unbiased_plain,2000,0.5646284293950139,0.00079058216174024182,0.11880955658058551,12.3189
0.707107,5,RegressionMSR_unbiased_plain,2500,0.3784389322242997,0.00052988311170432492,0.097267534694817318,12.3189
0.707107,5,RegressionMSR_unbiased_plain,3000,0.286951413224942,0.00040178399947885337,0.084698201460382552,12.3189
0.707107,5,RegressionMSR_unbiased_plain,3500,0.25777589512506166,0.0003609329849558878,0.080277004043041736,12.3189
0.707107,5,RegressionMSR_unbiased_plain,4000,0.22628083009664615,0.00031683418422601064,0.075213168743353404,12.3189
0.707107,5,RegressionMSR_unbiased_plain,4500,0.20134274923697768,0.00028191635003757906,0.070947647818123197,12.3189
0.707107,5,RegressionMSR_unbiased_plain,5000,0.17124797981564016,0.00023977821701496785,0.065430875703990116,12.3189
0.707107,6,EaseSHAP,500,1.7099655955390798,0.0023942618306896464,0.20675865130261659,12.3643
0.707107,6,EaseSHAP,1000,0.86296656718922782,0.001208309639897208,0.14688146302284263,12.3643
0.707107,6,EaseSHAP,1500,0.68045480690012838,0.00095276008822660406,0.13042764343690033,12.3643
0.707107,6,EaseSHAP,2000,0.38280555293103319,0.00053599717231145381,0.097827086347676895,12.3643
0.707107,6,EaseSHAP,2500,0.28890712686307229,0.00040452235312044129,0.084986341088299638,12.3643
0.707107,6,EaseSHAP,3000,0.22722483577640076,0.00031815596331495084,0.075369893819813877,12.3643
0.707107,6,EaseSHAP,3500,0.15817781960066832,0.0002214776232455125,0.062884381924423069,12.3643
0.707107,6,EaseSHAP,4000,0.14089432906057808,0.00019727760319295824,0.059349458519134375,12.3643
0.707107,6,EaseSHAP,4500,0.12158828407220641,0.00017024564024714059,0.055133538810828747,12.3643
0.707107,6,EaseSHAP,5000,0.1057634881815621,0.00014808805714823658,0.051420688487602464,12.3643
0.707107,6,RegressionMSR_unbiased,500,3.2136705641163963,0.0044997213909728061,0.28344622788618995,11.9901
0.707107,6,RegressionMSR_unbiased,1000,1.3577120334177279,0.0019010429842334212,0.18423572084545167,11.9901
0.707107,6,RegressionMSR_unbiased,1500,0.94296608697311124,0.0013203234705799643,0.15353876440276501,11.9901
0.707107,6,RegressionMSR_unbiased,2000,0.68459052832262879,0.00095855084797644358,0.13082340466470713,11.9901
0.707107,6,RegressionMSR_unbiased,2500,0.62397627517600918,0.00087367990490992014,0.12489758556273307,11.9901
0.707107,6,RegressionMSR_unbiased,3000,0.6406808395949376,0.00089706932344025495,0.12655836989260502,11.9901
0.707107,6,RegressionMSR_unbiased,3500,0.47477785445386478,0.00066477506795523914,0.10894698876676959,11.9901
0.707107,6,RegressionMSR_unbiased,4000,0.43797145654552433,0.00061323943831040231,0.10463883797920401,11.9901
0.707107,6,RegressionMSR_unbiased,4500,0.36581833604674363,0.00051221198908799883,0.095631890084681426,11.9901
0.707107,6,RegressionMSR_unbiased,5000,0.34726017633594075,0.00048622720111370641,0.093174591002045823,11.9901
0.707107,6,RegressionMSR_unbiased_plain,500,1.6430646455530693,0.0023005883723427344,0.20267366908117773,12.3324
0.707107,6,RegressionMSR_unbiased_plain,1000,0.66144405398895278,0.00092614158772189048,0.12859277331842492,12.3324
0.707107,6,RegressionMSR_unbiased_plain,1500,0.45800073152350457,0.00064128405435488311,0.10700475824975082,12.3324
0.707107,6,RegressionMSR_unbiased_plain,2000,0.34895740011769477,0.00048860362209515382,0.093402007488824199,12.3324
0.707107,6,RegressionMSR_unbiased_plain,2500,0.33277314839598338,0.00046594273566758176,0.091210354181417277,12.3324
0.707107,6,RegressionMSR_unbiased_plain,3000,0.24144313806379353,0.00033806416413064013,0.077692203287040573,12.3324
0.707107,6,RegressionMSR_unbiased_plain,3500,0.19024369443701958,0.00026637566118769917,0.068964428228801333,12.3324
0.707107,6,RegressionMSR_unbiased_plain,4000,0.12132198300743888,0.00016987277047917084,0.055073129338961413,12.3324
0.707107,6,RegressionMSR_unbiased_plain,4500,0.10936791812422707,0.00015313491250932174,0.052289558738869438,12.3324
0.707107,6,RegressionMSR_unbiased_plain,5000,0.099635016041171184,0.00013950708513075163,0.049908670599699209,12.3324
0.707107,7,EaseSHAP,500,1.5435164236375367,0.0021612028147226458,0.19643805789851013,12.4117
0.707107,7,EaseSHAP,1000,0.81173315545801938,0.0011365735754500352,0.14245465554502068,12.4117
0.707107,7,EaseSHAP,1500,0.4669884412192391,0.00065386847729646423,0.10804957672513565,12.4117
0.707107,7,EaseSHAP,2000,0.33037084186662968,0.00046257907101616822,0.090880531725258645,12.4117
0.707107,7,EaseSHAP,2500,0.25315995910311395,0.00035446983770948332,0.079555005986913535,12.4117
0.707107,7,EaseSHAP,3000,0.18131087644471275,0.00025386809658214617,0.067325863612120271,12.4117
0.707107,7,EaseSHAP,3500,0.17643708718531945,0.0002470439080575158,0.066414811447695815,12.4117
0.707107,7,EaseSHAP,4000,0.18647708306756119,0.00026110172242749111,0.068278306047301937,12.4117
0.707107,7,EaseSHAP,4500,0.16825437552276834,0.0002355866282992007,0.06485645216992067,12.4117
0.707107,7,EaseSHAP,5000,0.16265855770238838,0.00022775146889378301,0.063768832062063907,12.4117
0.707107,7,RegressionMSR_unbiased,500,5.1406011597986074,0.0071977735551015916,0.35848992872180552,12.0475
0.707107,7,RegressionMSR_unbiased,1000,1.7104864344315456,0.0023949910995611501,0.20679013724254028,12.0475
0.707107,7,RegressionMSR_unbiased,1500,1.1380856091040616,0.001593526174470191,0.16867762218979002,12.0475
0.707107,7,RegressionMSR_unbiased,2000,0.6690113987290558,0.00093673724222989054,0.12932627330989782,12.0475
0.707107,7,RegressionMSR_unbiased,2500,0.56377064426833756,0.00078938110705639773,0.11871927436902754,12.0475
0.707107,7,RegressionMSR_unbiased,3000,0.46841661723425893,0.00065586818262924331,0.10821467290001145,12.0475
0.707107,7,RegressionMSR_unbiased,3500,0.31589585906993117,0.00044231147095425083,0.088867297003725032,12.0475
0.707107,7,RegressionMSR_unbiased,4000,0.27660716966638771,0.00038730018320546462,0.083157556732143659,12.0475
0.707107,7,RegressionMSR_unbiased,4500,0.22221467878511439,0.00031114083524378159,0.074534334166395141,12.0475
0.707107,7,RegressionMSR_unbiased,5000,0.2191798434180528,0.00030689151554943306,0.074023618429872234,12.0475
0.707107,7,RegressionMSR_unbiased_plain,500,1.3616813471425644,0.0019066007430387452,0.18450483375392665,12.5019
0.707107,7,RegressionMSR_unbiased_plain,1000,0.65899449661627518,0.00092271176332379349,0.12835444057533374,12.5019
0.707107,7,RegressionMSR_unbiased_plain,1500,0.39705708129173145,0.00055595189565327263,0.099631456038207555,12.5019
0.707107,7,RegressionMSR_unbiased_plain,2000,0.25229813986478083,0.00035326313453798208,0.079419478068163615,12.5019
0.707107,7,RegressionMSR_unbiased_plain,2500,0.32270713559341557,0.00045184849289258403,0.089820256010742866,12.5019
0.707107,7,RegressionMSR_unbiased_plain,3000,0.31747527043677953,0.00044452293319680562,0.089089178697075722,12.5019
0.707107,7,RegressionMSR_unbiased_plain,3500,0.25163350867852602,0.00035233253038729784,0.079314801373786145,12.5019
0.707107,7,RegressionMSR_unbiased_plain,4000,0.19743853274001844,0.0002764497391526557,0.070256411227022267,12.5019
0.707107,7,RegressionMSR_unbiased_plain,4500,0.18903099249853225,0.0002646776586250171,0.068744271124678499,12.5019
0.707107,7,RegressionMSR_unbiased_plain,5000,0.16753704290608568,0.00023458223259175922,0.064718050593726484,12.5019
0.707107,8,EaseSHAP,500,1.3017382449688435,0.0018226695330061692,0.18039804911423263,12.3743
0.707107,8,EaseSHAP,1000,0.64267401255543832,0.00089986012692410224,0.12675508003187075,12.3743
0.707107,8,EaseSHAP,1500,0.38522015885689576,0.00053937805834771769,0.098135131178505045,12.3743
0.707107,8,EaseSHAP,2000,0.23865734577741249,0.00033416354989786721,0.077242693145923594,12.3743
0.707107,8,EaseSHAP,2500,0.18397025278871745,0.00025759170557784772,0.067817817125869928,12.3743
0.707107,8,EaseSHAP,3000,0.15997883861960754,0.00022399937637589224,0.063241370680039724,12.3743
0.707107,8,EaseSHAP,3500,0.17766566384339741,0.00024876413810552735,0.066645641988692217,12.3743
0.707107,8,EaseSHAP,4000,0.19014567650877912,0.00026623841831864868,0.068946659909813454,12.3743
0.707107,8,EaseSHAP,4500,0.15638935815490365,0.00021897345299411958,0.062527865419128068,12.3743
0.707107,8,EaseSHAP,5000,0.13614872503078412,0.00019063289722826273,0.05834139290220626,12.3743
0.707107,8,RegressionMSR_unbiased,500,3.5863328062345472,0.0050215160892815892,0.29942999207805437,12.0914
0.707107,8,RegressionMSR_unbiased,1000,1.6839725127879961,0.0023578668025936236,0.20518117072406986,12.0914
0.707107,8,RegressionMSR_unbiased,1500,1.055918849903912,0.0014784778157092855,0.16247452491882475,12.0914
0.707107,8,RegressionMSR_unbiased,2000,0.76428150496260683,0.0010701326623224381,0.13822820849618636,12.0914
0.707107,8,RegressionMSR_unbiased,2500,0.44226809552558416,0.00061925551181331241,0.1051508553847262,12.0914
0.707107,8,RegressionMSR_unbiased,3000,0.37117358455056709,0.00051971030783780987,0.096329328938616482,12.0914
0.707107,8,RegressionMSR_unbiased,3500,0.32977259831453781,0.00046174142158862046,0.090798210102751728,12.0914
0.707107,8,RegressionMSR_unbiased,4000,0.32338318759317852,0.00045279508825264069,0.089914290798679283,12.0914
0.707107,8,RegressionMSR_unbiased,4500,0.28420395393728037,0.0003979370583936158,0.084291748400611613,12.0914
0.707107,8,RegressionMSR_unbiased,5000,0.27634328496277999,0.00038693069678117688,0.083117880892558255,12.0914
0.707107,8,RegressionMSR_unbiased_plain,500,1.5708852381106702,0.0021995241166337474,0.19817197317675059,12.5106
0.707107,8,RegressionMSR_unbiased_plain,1000,0.97832898894998499,0.0013698379442316732,0.15639125526623804,12.5106
0.707107,8,RegressionMSR_unbiased_plain,1500,0.51216166451712786,0.00071711917929509603,0.11315494515454548,12.5106
0.707107,8,RegressionMSR_unbiased_plain,2000,0.37853049161787633,0.00053001131145398862,0.097279300421245357,12.5106
0.707107,8,RegressionMSR_unbiased_plain,2500,0.33405270708048679,0.00046773434979503921,0.091385544135887106,12.5106
0.707107,8,RegressionMSR_unbiased_plain,3000,0.23923524724315001,0.00033497271671673458,0.077336157010021847,12.5106
0.707107,8,RegressionMSR_unbiased_plain,3500,0.21343826898515786,0.00029885227046251068,0.073047633258230521,12.5106
0.707107,8,RegressionMSR_unbiased_plain,4000,0.1877273601434116,0.00026285233699441821,0.068506817205189821,12.5106
0.707107,8,RegressionMSR_unbiased_plain,4500,0.1744493255658634,0.00024426068143214438,0.066039633093670239,12.5106
0.707107,8,RegressionMSR_unbiased_plain,5000,0.1403101731957091,0.00019645967908145682,0.059226297621012294,12.5106
0.707107,9,EaseSHAP,500,1.7591296205298637,0.0024631003785444035,0.20970989607847934,12.3683
0.707107,9,EaseSHAP,1000,0.80465235779540623,0.0011266591750558645,0.14183197433895206,12.3683
0.707107,9,EaseSHAP,1500,0.54924902254926367,0.00076904820404805887,0.11718031218481879,12.3683
0.707107,9,EaseSHAP,2000,0.44871054661312698,0.00062827611127755248,0.10591394462169831,12.3683
0.707107,9,EaseSHAP,2500,0.3832435089618299,0.00053661039015091936,0.097883030827849549,12.3683
0.707107,9,EaseSHAP,3000,0.33851463553536421,0.00047398185852775914,0.091993836143429222,12.3683
0.707107,9,EaseSHAP,3500,0.28798271123284724,0.00040322800365229136,0.08485026682822619,12.3683
0.707107,9,EaseSHAP,4000,0.24725123748813754,0.00034619655626580084,0.078621122716503081,12.3683
0.707107,9,EaseSHAP,4500,0.25568833893211201,0.00035801002783602631,0.079951288127851947,12.3683
0.707107,9,EaseSHAP,5000,0.19443394278170448,0.00027224276851369578,0.069719786069254483,12.3683
0.707107,9,RegressionMSR_unbiased,500,2.7120716191254615,0.0037973919339129528,0.26038776944806091,12.0839
0.707107,9,RegressionMSR_unbiased,1000,1.1237191739679075,0.0015734105608114679,0.16760960398854741,12.0839
0.707107,9,RegressionMSR_unbiased,1500,0.57614554834826315,0.00080670821619491272,0.1200151603286292,12.0839
0.707107,9,RegressionMSR_unbiased,2000,0.53234157785793446,0.0007453747163565221,0.11536264320155099,12.0839
0.707107,9,RegressionMSR_unbiased,2500,0.5220441965209377,0.00073095651568889127,0.1142414325585225,12.0839
0.707107,9,RegressionMSR_unbiased,3000,0.4878192619557789,0.00068303540271388017,0.11043315421056518,12.0839
0.707107,9,RegressionMSR_unbiased,3500,0.43806068743917009,0.00061336437773803283,0.10464949682621152,12.0839
0.707107,9,RegressionMSR_unbiased,4000,0.31717191743854428,0.00044409818400489517,0.089046605415162267,12.0839
0.707107,9,RegressionMSR_unbiased,4500,0.35170643264465196,0.00049245276600061525,0.093769189055447733,12.0839
0.707107,9,RegressionMSR_unbiased,5000,0.35106867711131767,0.00049155979263626405,0.093684133810282635,12.0839
0.707107,9,RegressionMSR_unbiased_plain,500,1.369837107472367,0.0019180202860452481,0.18505655267190399,12.5151
0.707107,9,RegressionMSR_unbiased_plain,1000,0.75977324250301614,0.0010638202775833019,0.13781992258949866,12.5151
0.707107,9,RegressionMSR_unbiased_plain,1500,0.42248724786911929,0.00059155873905594606,0.10277247295228419,12.5151
0.707107,9,RegressionMSR_unbiased_plain,2000,0.26888782028345604,0.00037649169464082523,0.081988996256122076,12.5151
0.707107,9,RegressionMSR_unbiased_plain,2500,0.18642492920040274,0.00026102869755857786,0.068268757349244827,12.5151
0.707107,9,RegressionMSR_unbiased_plain,3000,0.16162070980496634,0.0002262982936876025,0.063565067018954355,12.5151
0.707107,9,RegressionMSR_unbiased_plain,3500,0.15259623262496846,0.00021366238960253411,0.061764923829178406,12.5151
0.707107,9,RegressionMSR_unbiased_plain,4000,0.14964850674236538,0.00020953503897836698,0.06116545322777503,12.5151
0.707107,9,RegressionMSR_unbiased_plain,4500,0.1670574646788581,0.00023391073613166887,0.064625355836323672,12.5151
0.707107,9,RegressionMSR_unbiased_plain,5000,0.15659493398634486,0.00021926129642665181,0.062568948765810525,12.5151
0.866025,0,EaseSHAP,500,2.2855539935934712,0.0023586126970734748,0.23903733984429459,12.1979
0.866025,0,EaseSHAP,1000,1.0383950614051092,0.0010715878002767116,0.16112068934537158,12.1979
0.866025,0,EaseSHAP,1500,0.56215471319870991,0.00058012422720563918,0.11854901024457244,12.1979
0.866025,0,EaseSHAP,2000,0.38959393049063107,0.00040204746583703203,0.098690669580592957,12.1979
0.866025,0,EaseSHAP,2500,0.3024636679760247,0.00031213204749979681,0.086957413136549866,12.1979
0.866025,0,EaseSHAP,3000,0.20794506823346456,0.000214592120599229,0.072101502798739323,12.1979
0.866025,0,EaseSHAP,3500,0.14189179444463534,0.00014642742587825445,0.059559171091578204,12.1979
0.866025,0,EaseSHAP,4000,0.12514195365358344,0.00012914216931705628,0.055933432232785303,12.1979
0.866025,0,EaseSHAP,4500,0.12380773128075116,0.00012776529795978242,0.055634461280925321,12.1979
0.866025,0,EaseSHAP,5000,0.097784171293747238,0.00010090988383241958,0.049442939661226468,12.1979
0.866025,0,RegressionMSR_unbiased,500,2.2041112056493057,0.0022745665558453021,0.23473981371133576,11.9548
0.866025,0,RegressionMSR_unbiased,1000,1.133940512720683,0.0011701874024966587,0.16837016605686733,11.9548
0.866025,0,RegressionMSR_unbiased,1500,0.52009580671002897,0.00053672088991967113,0.11402804553157404,11.9548
0.866025,0,RegressionMSR_unbiased,2000,0.41005071426292067,0.00042315815938522873,0.10124854496027591,11.9548
0.866025,0,RegressionMSR_unbiased,2500,0.39397992062708775,0.00040657365600977918,0.09924463721369127,11.9548
0.866025,0,RegressionMSR_unbiased,3000,0.34877047693008523,0.00035991907325641937,0.093376988189018642,11.9548
0.866025,0,RegressionMSR_unbiased,3500,0.30567076902253276,0.00031544166489247042,0.08741721355410112,11.9548
0.866025,0,RegressionMSR_unbiased,4000,0.28825077333129046,0.00029746483164525835,0.08488974810471675,11.9548
0.866025,0,RegressionMSR_unbiased,4500,0.27156120855601834,0.00028024177784826781,0.082395571567290313,11.9548
0.866025,0,RegressionMSR_unbiased,5000,0.26116471847073058,0.0002695129595447437,0.080802957630078526,11.9548
0.866025,0,RegressionMSR_unbiased_plain,500,1.78215700790611,0.0018391244130780667,0.2110780073755974,12.347
0.866025,0,RegressionMSR_unbiased_plain,1000,0.84654382648457427,0.00087360395920308613,0.14547713106228879,12.347
0.866025,0,RegressionMSR_unbiased_plain,1500,0.48012622555906265,0.00049547366414262562,0.10955891400966225,12.347
0.866025,0,RegressionMSR_unbiased_plain,2000,0.36773566617179287,0.00037949049282177543,0.095882175894661581,12.347
0.866025,0,RegressionMSR_unbiased_plain,2500,0.2716140026729239,0.00028029625955152803,0.082403580424779466,12.347
0.866025,0,RegressionMSR_unbiased_plain,3000,0.23296856323629042,0.00024041550224072945,0.076316538711522164,12.347
0.866025,0,RegressionMSR_unbiased_plain,3500,0.22860307281132,0.00023591046706144709,0.075598127095074241,12.347
0.866025,0,RegressionMSR_unbiased_plain,4000,0.19196297100224372,0.00019809914884661101,0.069275351136288688,12.347
0.866025,0,RegressionMSR_unbiased_plain,4500,0.17823028207668654,0.00018392748869088045,0.066751457301823483,12.347
0.866025,0,RegressionMSR_unbiased_plain,5000,0.18095503147767839,0.00018673933586296079,0.067259763506437933,12.347
0.866025,1,EaseSHAP,500,2.1796155655290317,0.0022492879021917154,0.23343176548667444,12.1515
0.866025,1,EaseSHAP,1000,0.73275154790950736,0.00075617426214565867,0.1353469197940525,12.1515
0.866025,1,EaseSHAP,1500,0.57852147839309942,0.000597014162996136,0.12026236718037563,12.1515
0.866025,1,EaseSHAP,2000,0.35678460825114716,0.00036818937968665684,0.094443714487935509,12.1515
0.866025,1,EaseSHAP,2500,0.29400970043758001,0.000303407845300805,0.08573355533826589,12.1515
0.866025,1,EaseSHAP,3000,0.25167969288924424,0.00025972474109474473,0.079322079664057632,12.1515
0.866025,1,EaseSHAP,3500,0.20847739827405681,0.0002151414667955096,0.072193732116101472,12.1515
0.866025,1,EaseSHAP,4000,0.17720754389489859,0.00018287205824902325,0.066559661938538017,12.1515
0.866025,1,EaseSHAP,4500,0.17042777088532557,0.00017587556691760941,0.065273993842365277,12.1515
0.866025,1,EaseSHAP,5000,0.13619629527877639,0.00014054986766417547,0.058351584228445837,12.1515
0.866025,1,RegressionMSR_unbiased,500,1.4891047674950006,0.0015367046334198605,0.19294460134291141,11.9332
0.866025,1,RegressionMSR_unbiased,1000,0.75047709683614217,0.00077446641576712084,0.13697418523540686,11.9332
0.866025,1,RegressionMSR_unbiased,1500,0.37626618560239955,0.00038829369392665366,0.096987909762299707,11.9332
0.866025,1,RegressionMSR_unbiased,2000,0.28568141796129054,0.00029481334574032569,0.084510564126813528,11.9332
0.866025,1,RegressionMSR_unbiased,2500,0.22381872086261148,0.00023097318127203979,0.074802861052003122,11.9332
0.866025,1,RegressionMSR_unbiased,3000,0.22951273441106876,0.00023684920638032629,0.075748388499536551,11.9332
0.866025,1,RegressionMSR_unbiased,3500,0.1896413540065699,0.0001957033203782892,0.068855165747852554,11.9332
0.866025,1,RegressionMSR_unbiased,4000,0.13090291029118195,0.00013508727737874157,0.057206404862388864,11.9332
0.866025,1,RegressionMSR_unbiased,4500,0.15027366915482471,0.00015507723077113684,0.06129308059537078,11.9332
0.866025,1,RegressionMSR_unbiased,5000,0.17191662587567166,0.00017741201378964778,0.065558490273127795,11.9332
0.866025,1,RegressionMSR_unbiased_plain,500,1.835136709163252,0.0018937976329724644,0.21419247822713405,12.3097
0.866025,1,RegressionMSR_unbiased_plain,1000,0.65665499670659244,0.00067764525238531387,0.1281264021100445,12.3097
0.866025,1,RegressionMSR_unbiased_plain,1500,0.43469739176267258,0.00044859267839223398,0.10424698937651301,12.3097
0.866025,1,RegressionMSR_unbiased_plain,2000,0.40401984790204754,0.00041693451382140452,0.10050122485597471,12.3097
0.866025,1,RegressionMSR_unbiased_plain,2500,0.3282337933700924,0.00033872592588989308,0.090586118330858556,12.3097
0.866025,1,RegressionMSR_unbiased_plain,3000,0.20176264382913794,0.00020821207237476541,0.071021588941169486,12.3097
0.866025,1,RegressionMSR_unbiased_plain,3500,0.18429761427442032,0.00019018876573751801,0.067878128707710469,12.3097
0.866025,1,RegressionMSR_unbiased_plain,4000,0.16007871879157437,0.00016519570298115582,0.063261109457464937,12.3097
0.866025,1,RegressionMSR_unbiased_plain,4500,0.12514830877658828,0.00012914872758426532,0.055934852457253402,12.3097
0.866025,1,RegressionMSR_unbiased_plain,5000,0.11881151809874396,0.00012260937870283223,0.054500348186673077,12.3097
0.866025,2,EaseSHAP,500,1.0541391758059517,0.0010878351819767693,0.16233754770584899,12.1492
0.866025,2,EaseSHAP,1000,0.69332183843566086,0.00071548416527303404,0.13165502634115997,12.1492
0.866025,2,EaseSHAP,1500,0.48186273715799738,0.00049726568407186089,0.1097568605097191,12.1492
0.866025,2,EaseSHAP,2000,0.28950953354565084,0.0002987638286641358,0.085074898405118698,12.1492
0.866025,2,EaseSHAP,2500,0.25253580542328857,0.00026060821962930607,0.07945687594904681,12.1492
0.866025,2,EaseSHAP,3000,0.21343686310585167,0.00022025946302563554,0.073047392682054652,12.1492
0.866025,2,EaseSHAP,3500,0.16085849296555965,0.00016600040296757792,0.063415000781668299,12.1492
0.866025,2,EaseSHAP,4000,0.16282988904022844,0.00016803481555450789,0.063802407681886983,12.1492
0.866025,2,EaseSHAP,4500,0.14534792220974257,0.0001499940302342835,0.06028016303265582,12.1492
0.866025,2,EaseSHAP,5000,0.16026069152931965,0.00016538349255469919,0.063297055920737672,12.1492
0.866025,2,RegressionMSR_unbiased,500,1.8172518935814204,0.0018753411216695733,0.2131461877199203,11.9895
0.866025,2,RegressionMSR_unbiased,1000,0.98947041150153703,0.0010210992531735164,0.15727924302824714,11.9895
0.866025,2,RegressionMSR_unbiased,1500,0.6882692648963149,0.00071027008407600119,0.13117443204530324,11.9895
0.866025,2,RegressionMSR_unbiased,2000,0.46261251506618195,0.00047740012046036478,0.1075421446534081,11.9895
0.866025,2,RegressionMSR_unbiased,2500,0.3533357681923221,0.00036463029599153441,0.093986138365229441,11.9895
0.866025,2,RegressionMSR_unbiased,3000,0.31875727948690752,0.00032894649121824446,0.089268874683019764,11.9895
0.866025,2,RegressionMSR_unbiased,3500,0.24742007615770009,0.00025532896390643577,0.078647961854980714,11.9895
0.866025,2,RegressionMSR_unbiased,4000,0.20203282184871482,0.00020849088674941175,0.0710691251263013,11.9895
0.866025,2,RegressionMSR_unbiased,4500,0.17584891579325945,0.00018147000102346252,0.066304018692923031,11.9895
0.866025,2,RegressionMSR_unbiased,5000,0.16719414668728372,0.00017253857854960584,0.064651787811181943,11.9895
0.866025,2,RegressionMSR_unbiased_plain,500,1.1655801319136121,0.0012028383955461303,0.17070296804051269,12.3337
0.866025,2,RegressionMSR_unbiased_plain,1000,0.70050907770513104,0.00072290114769628659,0.13233566013221185,12.3337
0.866025,2,RegressionMSR_unbiased_plain,1500,0.46432838228226064,0.0004791708361002838,0.10774140131377775,12.3337
0.866025,2,RegressionMSR_unbiased_plain,2000,0.40947668277828653,0.00042256577874054776,0.1011776510374557,12.3337
0.866025,2,RegressionMSR_unbiased_plain,2500,0.36572804582819896,0.00037741869804178922,0.095620087563780098,12.3337
0.866025,2,RegressionMSR_unbiased_plain,3000,0.30782656941620928,0.0003176663763607333,0.087724935083505387,12.3337
0.866025,2,RegressionMSR_unbiased_plain,3500,0.21733603591637815,0.00022428327455000562,0.073711606263257165,12.3337
0.866025,2,RegressionMSR_unbiased_plain,4000,0.16930257407654634,0.00017471440271526185,0.065058161301359094,12.3337
0.866025,2,RegressionMSR_unbiased_plain,4500,0.14433116255339826,0.00014894476942397324,0.06006895257814103,12.3337
0.866025,2,RegressionMSR_unbiased_plain,5000,0.17379093469212967,0.00017934623568295079,0.065914894881985833,12.3337
0.866025,3,EaseSHAP,500,1.2643561036165596,0.0013047717831087874,0.17778892707481533,12.1043
0.866025,3,EaseSHAP,1000,0.67542572077744856,0.00069701599061809379,0.12994476911148142,12.1043
0.866025,3,EaseSHAP,1500,0.42960953755499576,0.00044334218876533274,0.10363512164741688,12.1043
0.866025,3,EaseSHAP,2000,0.25460331863523705,0.00026274182177860457,0.079781470065930254,12.1043
0.866025,3,EaseSHAP,2500,0.19445593340626208,0.00020067179985198052,0.069723728637792678,12.1043
0.866025,3,EaseSHAP,3000,0.17348795966008443,0.00017903357592541225,0.065857414096683983,12.1043
0.866025,3,EaseSHAP,3500,0.17636911231099611,0.00018200682584367951,0.066402016594188637,12.1043
0.866025,3,EaseSHAP,4000,0.17069869297931509,0.0001761551491513228,0.065325854946436612,12.1043
0.866025,3,EaseSHAP,4500,0.15183689770356548,0.0001566904285839309,0.061611057794759033,12.1043
0.866025,3,EaseSHAP,5000,0.14293304148048785,0.00014750195681755227,0.059777303694731804,12.1043
0.866025,3,RegressionMSR_unbiased,500,1.8266752561113997,0.0018850657059824518,0.21369810809360246,11.9261
0.866025,3,RegressionMSR_unbiased,1000,0.74587313288912271,0.00076971528415843997,0.13655339000635636,11.9261
0.866025,3,RegressionMSR_unbiased,1500,0.45025085923283903,0.00046464331905155893,0.10609557710301111,11.9261
0.866025,3,RegressionMSR_unbiased,2000,0.37359267747909974,0.00038553472598145555,0.096642728319193738,11.9261
0.866025,3,RegressionMSR_unbiased,2500,0.34738917937404395,0.00035849362193772478,0.093191896022943421,11.9261
0.866025,3,RegressionMSR_unbiased,3000,0.29165025887865714,0.00030097298319101573,0.085388854494989147,11.9261
0.866025,3,RegressionMSR_unbiased,3500,0.28477618542525124,0.00029387917706205727,0.084376564492940107,11.9261
0.866025,3,RegressionMSR_unbiased,4000,0.26172806882503974,0.00027009431763223537,0.080890059467316464,11.9261
0.866025,3,RegressionMSR_unbiased,4500,0.22709251438043235,0.00023435162298917849,0.075347945290570525,11.9261
0.866025,3,RegressionMSR_unbiased,5000,0.21651873966032101,0.00022343985307223243,0.073572878776815759,11.9261
0.866025,3,RegressionMSR_unbiased_plain,500,1.6192295534750736,0.0016709889134136232,0.20119825753936546,12.3217
0.866025,3,RegressionMSR_unbiased_plain,1000,1.0578299130576045,0.0010916438952111585,0.16262148636155099,12.3217
0.866025,3,RegressionMSR_unbiased_plain,1500,0.70442099856650942,0.00072693811476836473,0.13270465313681631,12.3217
0.866025,3,RegressionMSR_unbiased_plain,2000,0.56534561664074712,0.00058341712923054014,0.11888498818614014,12.3217
0.866025,3,RegressionMSR_unbiased_plain,2500,0.39944463040031741,0.00041221304755033778,0.099930554686782039,12.3217
0.866025,3,RegressionMSR_unbiased_plain,3000,0.29922974643265576,0.00030879475228169656,0.086491292398809691,12.3217
0.866025,3,RegressionMSR_unbiased_plain,3500,0.24045379081043441,0.00024813999829129211,0.077532862518166185,12.3217
0.866025,3,RegressionMSR_unbiased_plain,4000,0.19759726228078983,0.00020391354263728028,0.070284646666393266,12.3217
0.866025,3,RegressionMSR_unbiased_plain,4500,0.17972215133263472,0.00018546704618080026,0.067030245287600349,12.3217
0.866025,3,RegressionMSR_unbiased_plain,5000,0.17381277493411876,0.00017936877405754488,0.065919036502007283,12.3217
0.866025,4,EaseSHAP,500,1.8539292343133571,0.0019131908691652447,0.21528639264438876,12.0915
0.866025,4,EaseSHAP,1000,0.67377454861257757,0.00069531203803415331,0.12978583788424083,12.0915
0.866025,4,EaseSHAP,1500,0.51081016545991487,0.00052713842920582292,0.11300554914028724,12.0915
0.866025,4,EaseSHAP,2000,0.33591739579492003,0.00034665513792743918,0.09164024713450418,12.0915
0.866025,4,EaseSHAP,2500,0.33588811323140005,0.00034662491933434771,0.091636252819421851,12.0915
0.866025,4,EaseSHAP,3000,0.25279218588042857,0.00026087279539657601,0.079497198988459417,12.0915
0.866025,4,EaseSHAP,3500,0.22059418670872277,0.00022764557351530885,0.074262067488847019,12.0915
0.866025,4,EaseSHAP,4000,0.21240118274265449,0.0002191906767000472,0.072869949695099717,12.0915
0.866025,4,EaseSHAP,4500,0.17981564883718387,0.00018556353237276618,0.067047678713953979,12.0915
0.866025,4,EaseSHAP,5000,0.18060530534478464,0.00018637843058579221,0.067194736651166487,12.0915
0.866025,4,RegressionMSR_unbiased,500,1.6621588509748426,0.0017152904641287755,0.20384791211678147,11.8638
0.866025,4,RegressionMSR_unbiased,1000,0.75769542447112326,0.00078191548030868291,0.13763133949714387,11.8638
0.866025,4,RegressionMSR_unbiased,1500,0.37653839868479771,0.00038857460841576811,0.097022986797562272,11.8638
0.866025,4,RegressionMSR_unbiased,2000,0.27487102418490039,0.0002836573931385369,0.082896173642831736,11.8638
0.866025,4,RegressionMSR_unbiased,2500,0.21744807326555163,0.00022439889322059826,0.073730603087447957,11.8638
0.866025,4,RegressionMSR_unbiased,3000,0.19258670239563028,0.00019874281807872216,0.069387805556097221,11.8638
0.866025,4,RegressionMSR_unbiased,3500,0.16549903752912201,0.00017078928450773562,0.064323214613606267,11.8638
0.866025,4,RegressionMSR_unbiased,4000,0.19634016773527424,0.00020261626453105925,0.070060717905127537,11.8638
0.866025,4,RegressionMSR_unbiased,4500,0.18116977589874658,0.00018696094468059402,0.067299661198765806,11.8638
0.866025,4,RegressionMSR_unbiased,5000,0.18505498772294224,0.00019097034894977963,0.068017458737250361,11.8638
0.866025,4,RegressionMSR_unbiased_plain,500,1.7804996519811889,0.0018374140790675614,0.21097983623922384,12.2554
0.866025,4,RegressionMSR_unbiased_plain,1000,0.69912357020821003,0.0007214713518641652,0.13220472478397,12.2554
0.866025,4,RegressionMSR_unbiased_plain,1500,0.53929097872186715,0.00055652964375201822,0.1161131967867851,12.2554
0.866025,4,RegressionMSR_unbiased_plain,2000,0.36472266335623338,0.00037638117809238525,0.095488567817858874,12.2554
0.866025,4,RegressionMSR_unbiased_plain,2500,0.29634757056379341,0.00030582044643788253,0.086073743174645528,12.2554
0.866025,4,RegressionMSR_unbiased_plain,3000,0.2928627610980743,0.00030222424355850797,0.085566167539815982,12.2554
0.866025,4,RegressionMSR_unbiased_plain,3500,0.24422566322126532,0.00025203244020465931,0.078138604930799938,12.2554
0.866025,4,RegressionMSR_unbiased_plain,4000,0.2775526558032651,0.00028642474424976758,0.083299558192595657,12.2554
0.866025,4,RegressionMSR_unbiased_plain,4500,0.27725522954017567,0.00028611781062993965,0.083254914200330488,12.2554
0.866025,4,RegressionMSR_unbiased_plain,5000,0.23565076590306275,0.00024318344265417252,0.07675460342921829,12.2554
0.866025,5,EaseSHAP,500,2.3256385266839001,0.0023999785492775177,0.24112437281846377,12.1343
0.866025,5,EaseSHAP,1000,0.84092114723815581,0.00086780154862808011,0.14499320218877121,12.1343
0.866025,5,EaseSHAP,1500,0.60065352998504051,0.0006198536750108858,0.12254116961097609,12.1343
0.866025,5,EaseSHAP,2000,0.4661065641908434,0.00048100585834830146,0.10794750624618932,12.1343
0.866025,5,EaseSHAP,2500,0.32398919548751015,0.00033434564763442764,0.089998499360754644,12.1343
0.866025,5,EaseSHAP,3000,0.30151606652977797,0.00031115415557112321,0.086821089968074291,12.1343
0.866025,5,EaseSHAP,3500,0.23502491028817366,0.00024253758129891691,0.076652610896200665,12.1343
0.866025,5,EaseSHAP,4000,0.21752040671563885,0.00022447353884011857,0.073742865199902363,12.1343
0.866025,5,EaseSHAP,4500,0.16521621798461353,0.00017049742451644771,0.064268230484550756,12.1343
0.866025,5,EaseSHAP,5000,0.15960882360593603,0.00016471078739646743,0.063168192867521553,12.1343
0.866025,5,RegressionMSR_unbiased,500,2.0373369721201686,0.0021024613131561697,0.22568434660605996,11.9342
0.866025,5,RegressionMSR_unbiased,1000,0.70353073420711032,0.00072601939273085592,0.1326207689435473,11.9342
0.866025,5,RegressionMSR_unbiased,1500,0.39852711330171176,0.00041126620162824657,0.099815719365953542,11.9342
0.866025,5,RegressionMSR_unbiased,2000,0.28436286368213487,0.00029345264331399293,0.084315310543538732,11.9342
0.866025,5,RegressionMSR_unbiased,2500,0.23608678433390273,0.00024363339859921686,0.076825579127967336,11.9342
0.866025,5,RegressionMSR_unbiased,3000,0.19722300444067972,0.000203527321486462,0.070218054024709292,11.9342
0.866025,5,RegressionMSR_unbiased,3500,0.15771901614170075,0.00016276057143453272,0.06279311589292666,11.9342
0.866025,5,RegressionMSR_unbiased,4000,0.16209873474438993,0.00016728028960127361,0.063659000688117529,11.9342
0.866025,5,RegressionMSR_unbiased,4500,0.1419612004175573,0.00014649905044255936,0.05957373591138071,11.9342
0.866025,5,RegressionMSR_unbiased,5000,0.10950975389215155,0.00011301027965535868,0.052323454084222967,11.9342
0.866025,5,RegressionMSR_unbiased_plain,500,1.5312760746571694,0.0015802239643145513,0.19565761387288058,12.3393
0.866025,5,RegressionMSR_unbiased_plain,1000,0.76001984741953399,0.0007843142044232118,0.13784228736308882,12.3393
0.866025,5,RegressionMSR_unbiased_plain,1500,0.62950699554600664,0.00064962945384500063,0.12544988995072959,12.3393
0.866025,5,RegressionMSR_unbiased_plain,2000,0.50025953857048389,0.00051625054704978969,0.1118324124047322,12.3393
0.866025,5,RegressionMSR_unbiased_plain,2500,0.34793543167707647,0.00035905733542747369,0.093265137065931092,12.3393
0.866025,5,RegressionMSR_unbiased_plain,3000,0.25848686363757162,0.00026674950594526083,0.08038763332092376,12.3393
0.866025,5,RegressionMSR_unbiased_plain,3500,0.24224815449033613,0.00024999171956781709,0.077821615649242351,12.3393
0.866025,5,RegressionMSR_unbiased_plain,4000,0.21135820606320374,0.00021811436082835943,0.072690818894686371,12.3393
0.866025,5,RegressionMSR_unbiased_plain,4500,0.19126147924439749,0.00019737523360698585,0.069148658563344068,12.3393
0.866025,5,RegressionMSR_unbiased_plain,5000,0.17255644618698041,0.00017807228622877125,0.065680371152076408,12.3393
0.866025,6,EaseSHAP,500,1.5036645237645316,0.0015517297984782533,0.19388556700825693,12.0674
0.866025,6,EaseSHAP,1000,0.84141279630604526,0.00086830891346709887,0.14503558152278059,12.0674
0.866025,6,EaseSHAP,1500,0.5662418233330172,0.00058434198355011239,0.11897918130213131,12.0674
0.866025,6,EaseSHAP,2000,0.34003428145570858,0.00035090362158573548,0.092200092388200539,12.0674
0.866025,6,EaseSHAP,2500,0.30149383742556196,0.00031113121590415607,0.086817889490813191,12.0674
0.866025,6,EaseSHAP,3000,0.26925221671740351,0.00027785897810550893,0.082044533138625919,12.0674
0.866025,6,EaseSHAP,3500,0.20968000438908338,0.00021638251472543411,0.072401658197358179,12.0674
0.866025,6,EaseSHAP,4000,0.19310134858258843,0.00019927391514948156,0.069480455630088603,12.0674
0.866025,6,EaseSHAP,4500,0.1828718277456699,0.00018871740333721885,0.067615055229155507,12.0674
0.866025,6,EaseSHAP,5000,0.15666001858087161,0.00016166772256719341,0.062581949989767738,12.0674
0.866025,6,RegressionMSR_unbiased,500,1.8032370651568264,0.0018608783033059687,0.21232269456871694,11.901
0.866025,6,RegressionMSR_unbiased,1000,0.78737347504416888,0.00081254220236477302,0.14030087981229561,11.901
0.866025,6,RegressionMSR_unbiased,1500,0.64496157384050445,0.00066557804429418432,0.12698046836428278,11.901
0.866025,6,RegressionMSR_unbiased,2000,0.46719602673526545,0.0004821301460253647,0.1080735891343562,11.901
0.866025,6,RegressionMSR_unbiased,2500,0.4148403066241963,0.00042810085309921507,0.10183814445287633,11.901
0.866025,6,RegressionMSR_unbiased,3000,0.41681367805346908,0.00043013730418379738,0.10208007617227138,11.901
0.866025,6,RegressionMSR_unbiased,3500,0.32032111111799699,0.00033056031139117048,0.089487584490531,11.901
0.866025,6,RegressionMSR_unbiased,4000,0.30222727766901203,0.00031188810087628754,0.086923425736249629,11.901
0.866025,6,RegressionMSR_unbiased,4500,0.25929095505371508,0.00026757930048480787,0.080512569679167964,11.901
0.866025,6,RegressionMSR_unbiased,5000,0.23109725452005225,0.00023848437634712316,0.076009416278519773,11.901
0.866025,6,RegressionMSR_unbiased_plain,500,1.8538143704382299,0.0019130723336175965,0.21527972329264025,12.3329
0.866025,6,RegressionMSR_unbiased_plain,1000,0.77240806081075808,0.00079709841231350852,0.13896115111882512,12.3329
0.866025,6,RegressionMSR_unbiased_plain,1500,0.47689845141487791,0.00049214271282793372,0.1091900237447174,12.3329
0.866025,6,RegressionMSR_unbiased_plain,2000,0.3277288059055849,0.00033820479628674698,0.090516408168020118,12.3329
0.866025,6,RegressionMSR_unbiased_plain,2500,0.33020820251400801,0.00034076344786010718,0.090858159032913499,12.3329
0.866025,6,RegressionMSR_unbiased_plain,3000,0.23067436525658241,0.00023804796924885646,0.075939838895105388,12.3329
0.866025,6,RegressionMSR_unbiased_plain,3500,0.18054896553496502,0.00018632028985003898,0.067184255137451104,12.3329
0.866025,6,RegressionMSR_unbiased_plain,4000,0.12493796770437937,0.00012893166287040661,0.055887826873206335,12.3329
0.866025,6,RegressionMSR_unbiased_plain,4500,0.11091928159185047,0.00011446486350623485,0.052659111650276265,12.3329
0.866025,6,RegressionMSR_unbiased_plain,5000,0.097666401280560103,0.00010078834925077492,0.049413156466815628,12.3329
0.866025,7,EaseSHAP,500,1.5617946512281291,0.0016117180801388296,0.1975977385515918,12.1714
0.866025,7,EaseSHAP,1000,0.76102702627588359,0.00078535357817918912,0.13793359147393028,12.1714
0.866025,7,EaseSHAP,1500,0.4161603870631273,0.0004294631304696681,0.10200004743419573,12.1714
0.866025,7,EaseSHAP,2000,0.32831763204794867,0.00033881244450667129,0.090597686511294087,12.1714
0.866025,7,EaseSHAP,2500,0.22270936590688808,0.00022982836531430486,0.07461725100586461,12.1714
0.866025,7,EaseSHAP,3000,0.21992896066452358,0.00022695908323825997,0.074150010226655322,12.1714
0.866025,7,EaseSHAP,3500,0.17663000999473671,0.00018227606323261564,0.066451111727859141,12.1714
0.866025,7,EaseSHAP,4000,0.13562494760616223,0.00013996025662070484,0.058229062246906015,12.1714
0.866025,7,EaseSHAP,4500,0.13730579008181287,0.00014169482793950221,0.058588776673056772,12.1714
0.866025,7,EaseSHAP,5000,0.1413781594298496,0.00014589737230221513,0.059451274046451189,12.1714
0.866025,7,RegressionMSR_unbiased,500,3.3361105541447871,0.0034427507439783976,0.28879536674541662,12.0281
0.866025,7,RegressionMSR_unbiased,1000,1.151296427860542,0.0011880981068304642,0.16965379658738425,12.0281
0.866025,7,RegressionMSR_unbiased,1500,0.91849111158682484,0.00094785106981075493,0.15153309140141838,12.0281
0.866025,7,RegressionMSR_unbiased,2000,0.57111965760615369,0.00058937573986612534,0.11949054958511925,12.0281
0.866025,7,RegressionMSR_unbiased,2500,0.4027308951368469,0.00041560435913398441,0.1003407812328625,12.0281
0.866025,7,RegressionMSR_unbiased,3000,0.32860153403651499,0.0003391054215428008,0.090636848747696827,12.0281
0.866025,7,RegressionMSR_unbiased,3500,0.20509354147690623,0.00021164944357960242,0.071605436503960063,12.0281
0.866025,7,RegressionMSR_unbiased,4000,0.17995312053843904,0.00018570539841530011,0.067073303284249958,12.0281
0.866025,7,RegressionMSR_unbiased,4500,0.1479626069930044,0.00015269229452641254,0.060819940601953157,12.0281
0.866025,7,RegressionMSR_unbiased,5000,0.14329043058505897,0.00014787077001654034,0.059851990481741495,12.0281
0.866025,7,RegressionMSR_unbiased_plain,500,1.4845196786994719,0.0015319729803148991,0.19264732535772927,12.4601
0.866025,7,RegressionMSR_unbiased_plain,1000,0.68277464473801996,0.00070459982605222367,0.13064978422657458,12.4601
0.866025,7,RegressionMSR_unbiased_plain,1500,0.40050280916216169,0.00041330505144543514,0.1000628314063421,12.4601
0.866025,7,RegressionMSR_unbiased_plain,2000,0.26139608144992016,0.00026975171813976222,0.08083874093680582,12.4601
0.866025,7,RegressionMSR_unbiased_plain,2500,0.32719883196214905,0.00033765788150126841,0.090443191004374271,12.4601
0.866025,7,RegressionMSR_unbiased_plain,3000,0.3178243555188961,0.00032798374593962767,0.089138144965959454,12.4601
0.866025,7,RegressionMSR_unbiased_plain,3500,0.25112398508859962,0.00025915126985838932,0.079234459846805244,12.4601
0.866025,7,RegressionMSR_unbiased_plain,4000,0.19191595954142024,0.00019805063464448889,0.069266867898985493,12.4601
0.866025,7,RegressionMSR_unbiased_plain,4500,0.18585510677167863,0.0001917960441435094,0.068164343092939464,12.4601
0.866025,7,RegressionMSR_unbiased_plain,5000,0.16397359617394999,0.00016921508177219103,0.064026087685792182,12.4601
0.866025,8,EaseSHAP,500,1.3913985709373893,0.0014358752168191127,0.18650727673051992,12.1572
0.866025,8,EaseSHAP,1000,0.68394770036694807,0.00070581037890221925,0.13076196889452871,12.1572
0.866025,8,EaseSHAP,1500,0.3535217419612191,0.00036482221449088843,0.094010869313236739,12.1572
0.866025,8,EaseSHAP,2000,0.29766527965821921,0.00030718027666279678,0.08626489431660761,12.1572
0.866025,8,EaseSHAP,2500,0.21483632349978776,0.00022170365776504725,0.073286479568162463,12.1572
0.866025,8,EaseSHAP,3000,0.21435760939878398,0.00022120964136462069,0.07320478286949289,12.1572
0.866025,8,EaseSHAP,3500,0.17192784601253083,0.00017742359258294391,0.065560629575327226,12.1572
0.866025,8,EaseSHAP,4000,0.16083386290482476,0.00016597498559649772,0.063410145659985831,12.1572
0.866025,8,EaseSHAP,4500,0.14764387801649043,0.00015236337724288377,0.060754398609584315,12.1572
0.866025,8,EaseSHAP,5000,0.12679105954576134,0.00013084398957902,0.056300768099947218,12.1572
0.866025,8,RegressionMSR_unbiased,500,2.4085275549481886,0.0024855171605114848,0.24538375837390849,11.9519
0.866025,8,RegressionMSR_unbiased,1000,1.180564565513426,0.0012183018129259175,0.17179672330354748,11.9519
0.866025,8,RegressionMSR_unbiased,1500,0.76173928779436517,0.0007860886074394194,0.13799812388166416,11.9519
0.866025,8,RegressionMSR_unbiased,2000,0.58168912766276404,0.00060028306751917456,0.12059116133269926,11.9519
0.866025,8,RegressionMSR_unbiased,2500,0.36959763898811127,0.00038141198438945852,0.096124611701180793,11.9519
0.866025,8,RegressionMSR_unbiased,3000,0.28245375607822554,0.00029148251027522781,0.084031802919821,11.9519
0.866025,8,RegressionMSR_unbiased,3500,0.25444964920415342,0.00026258324023893328,0.079757389815012361,11.9519
0.866025,8,RegressionMSR_unbiased,4000,0.22348289159590062,0.00023062661708027999,0.074746720930737268,11.9519
0.866025,8,RegressionMSR_unbiased,4500,0.18344867119401864,0.00018931268583122804,0.067721612354184738,11.9519
0.866025,8,RegressionMSR_unbiased,5000,0.16294809090638121,0.00016815679579348155,0.063825561279627852,11.9519
0.866025,8,RegressionMSR_unbiased_plain,500,1.9491531827103319,0.0020114586914893417,0.22074607486376355,12.3586
0.866025,8,RegressionMSR_unbiased_plain,1000,1.0802013767402205,0.0011147304722256772,0.16433208578517317,12.3586
0.866025,8,RegressionMSR_unbiased_plain,1500,0.52634591510214745,0.00054317078567932395,0.11471114975255756,12.3586
0.866025,8,RegressionMSR_unbiased_plain,2000,0.39181086519393005,0.00040433526579907218,0.098971064609047463,12.3586
0.866025,8,RegressionMSR_unbiased_plain,2500,0.34353314469412571,0.00035451432747261733,0.092673235712114554,12.3586
0.866025,8,RegressionMSR_unbiased_plain,3000,0.26782662214928038,0.00027638781380193996,0.081827046590549818,12.3586
0.866025,8,RegressionMSR_unbiased_plain,3500,0.24088108608174924,0.00024858095223731464,0.07760172132139681,12.3586
0.866025,8,RegressionMSR_unbiased_plain,4000,0.22168659703709725,0.00022877290320348973,0.074445717982483256,12.3586
0.866025,8,RegressionMSR_unbiased_plain,4500,0.19980982598542862,0.00020619683187983283,0.070677051789358875,12.3586
0.866025,8,RegressionMSR_unbiased_plain,5000,0.16117109994159773,0.00016632300255828717,0.063476590161570146,12.3586
0.866025,9,EaseSHAP,500,1.6548624787670487,0.0017077608602865057,0.20340000484064946,12.1409
0.866025,9,EaseSHAP,1000,0.78769385612362475,0.00081287282456141542,0.14032942101744245,12.1409
0.866025,9,EaseSHAP,1500,0.40521333700876094,0.00041816615331397554,0.10064955750135728,12.1409
0.866025,9,EaseSHAP,2000,0.27851747893138362,0.00028742040835868355,0.083444214738258457,12.1409
0.866025,9,EaseSHAP,2500,0.21659274096187878,0.00022351621985680344,0.073585450491567755,12.1409
0.866025,9,EaseSHAP,3000,0.17461240672774164,0.00018019396642084462,0.066070493930297985,12.1409
0.866025,9,EaseSHAP,3500,0.15336847477862514,0.00015827096317025358,0.061921013149541002,12.1409
0.866025,9,EaseSHAP,4000,0.15008379974616443,0.00015488129210624105,0.061254346732734895,12.1409
0.866025,9,EaseSHAP,4500,0.12532019807582634,0.00012932611139790978,0.05597325211112588,12.1409
0.866025,9,EaseSHAP,5000,0.11416781492046055,0.00011781723758149327,0.053424670078639824,12.1409
0.866025,9,RegressionMSR_unbiased,500,2.0415127061518268,0.0021067705262984879,0.22591550998945528,11.8915
0.866025,9,RegressionMSR_unbiased,1000,0.61967299161268086,0.00063948110180202613,0.12446615921734315,11.8915
0.866025,9,RegressionMSR_unbiased,1500,0.40679200518258918,0.00041979528428602613,0.10084542691448498,11.8915
0.866025,9,RegressionMSR_unbiased,2000,0.36896662799284635,0.00038076080285990525,0.096042520270040593,11.8915
0.866025,9,RegressionMSR_unbiased,2500,0.34060846505769732,0.00035149615921026679,0.09227790432407118,11.8915
0.866025,9,RegressionMSR_unbiased,3000,0.33112048436926633,0.00034170489119207545,0.090983581536624822,11.8915
0.866025,9,RegressionMSR_unbiased,3500,0.32150119635053193,0.00033177811854903579,0.089652272189628845,11.8915
0.866025,9,RegressionMSR_unbiased,4000,0.25218741874501299,0.00026024869662299104,0.0794020495240855,11.8915
0.866025,9,RegressionMSR_unbiased,4500,0.28610509448268751,0.00029525056526155327,0.084573207117072169,11.8915
0.866025,9,RegressionMSR_unbiased,5000,0.28011879199993489,0.0002890729080791283,0.083683748720993434,11.8915
0.866025,9,RegressionMSR_unbiased_plain,500,1.3426483216651179,0.00138556664513742,0.18321082948785519,12.3238
0.866025,9,RegressionMSR_unbiased_plain,1000,0.79657361223314926,0.00082203642584388224,0.14111817850946323,12.3238
0.866025,9,RegressionMSR_unbiased_plain,1500,0.44932512048315409,0.00046368798866982207,0.10598645202137325,12.3238
0.866025,9,RegressionMSR_unbiased_plain,2000,0.27445752932650325,0.00028323068074148834,0.082833798857486804,12.3238
0.866025,9,RegressionMSR_unbiased_plain,2500,0.20707895661036924,0.00021369832335049117,0.071951191201113776,12.3238
0.866025,9,RegressionMSR_unbiased_plain,3000,0.1664645188698638,0.0001717856278693207,0.064510564807220491,12.3238
0.866025,9,RegressionMSR_unbiased_plain,3500,0.16572430826868309,0.00017102175612210011,0.064366976833754405,12.3238
0.866025,9,RegressionMSR_unbiased_plain,4000,0.15786460567834043,0.00016291081480250476,0.062822091193771246,12.3238
0.866025,9,RegressionMSR_unbiased_plain,4500,0.16613412105664688,0.00017144466874977106,0.064446512911220971,12.3238
0.866025,9,RegressionMSR_unbiased_plain,5000,0.1670257316760268,0.00017236478008103245,0.0646192176670429,12.3238
