setting,EaseSHAP_interaction_nonlinear,EaseSHAP_size_player,OFA_fixed,OFA_baseline,sampling_lift,SHAP_IQ,GELS,improved_AME,kernelSHAP,LeverageSHAP,permutation,complement,group_testing,WSL,weighted_permutation,OFA_optimal,WGELS_shapley,AME,RegressionMSR_unbiased
alpha_0p5__shapley,0.0016058178102325402,0.0031029683212902737,0.0031938477844095361,0.019126365483896995,0.027128789854707919,0.0088826103965512614,0.12336400529022909,0.18508927679617779,0.014713431193084716,0.0078285376570056634,0.0051222067208001607,0.0055020392646680134,0.0233066862160933,,,,,,0.0083451784045606436
alpha_0p5__beta1_4,0.0021192177187832864,0.0023731303190658651,0.0017231645675891138,0.014301314825061596,0.026075098052415212,0.011409326009585391,0.057480005070594468,0.088426810791398539,,,,,,0.047959009750348523,0.0085485650679976953,0.0038081992060902399,0.22250007393229737,,0.0025914614863779021
alpha_0p5__beta4_1,0.0032782539320606336,0.0038986013236651067,0.0026734230096872084,0.035624113930239565,0.011078722195043852,0.006827406212518942,0.076959080154548151,0.0057706039967283474,,,,,,0.016488740966111439,0.0034782247187773209,0.0021475465529314929,0.016241003139144016,,0.0028304658820839713
alpha_0p5__wb0p25,0.0022165091672462821,0.0027514364477255761,0.0030234463365329096,0.044570134592012964,0.0049312708742423944,0.022741126580072341,0.016227966347071195,0.0026071910018650325,,,,,,0.05715100453152884,0.011757744200940494,0.0088768720088944052,0.052376580626250439,0.00086950645070815367,0.0024560910086655154
alpha_0p5__wb0p5,0.0004456998502353013,0.00075938020603033291,0.0034514764283760375,0.027874985285190602,0.0043618950020457457,0.014642709699718835,0.035993735444491734,0.0026619348012573269,,,,,,0.06950341833971202,0.0072323566954401817,0.0085882194646293673,0.057914478678919599,0.0016241821551890748,0.00046578934012526447
alpha_0p5__wb0p75,0.0014192315131484321,0.0013106978066772241,0.0020188849969873797,0.019867821606103994,0.0030546810087304921,0.013602474706122272,0.0078042189974632083,0.0024837280281340148,,,,,,0.075245837567612259,0.0076160131977768795,0.0073244000616588681,0.065380673878145709,0.0021589270992859702,0.0013328794830237882
alpha_0p707107__shapley,0.0012762756068471371,0.0018664739296114748,0.0028237031170534658,0.019163869403584017,0.018431429969012196,0.0072681023466360196,0.088297010570414655,0.12792511499028666,0.01001538851153623,0.0052901829786345658,0.0038733381148067379,0.0037981216858084662,0.017306280388812208,,,,,,0.0056393061748855307
alpha_0p707107__beta1_4,0.0020950935813760403,0.0020508029231717799,0.0018004739034785202,0.013028885184594727,0.020380790000504748,0.010747511368012741,0.045723480177398738,0.072491155867215787,,,,,,0.040248414579337928,0.0075424236630601341,0.0036328516891692762,0.18237959220969249,,0.0022104504778835054
alpha_0p707107__beta4_1,0.0023979522766084246,0.0041481367719029549,0.0024657727757105745,0.033339384248990425,0.010613664340016933,0.0065988400755398182,0.069410308259646933,0.0054533776172104274,,,,,,0.016825454401041853,0.0033920345455843758,0.0022654583643327035,0.016107501122082271,,0.0026122869476754734
alpha_0p707107__wb0p25,0.0018458990076601206,0.0030835882842806957,0.0030758670702520463,0.041619276412482691,0.0050137918116711601,0.022841263488897832,0.016225922761544775,0.0027395004208330071,,,,,,0.057613339671153133,0.011444396719516635,0.0080721746463659604,0.051359413293370036,0.00090037081110418268,0.0025604699164893632
alpha_0p707107__wb0p5,0.000284052566218084,0.00066096659512888544,0.0032681219368685126,0.026464316586510023,0.0045094315272103417,0.01278085256360177,0.037098814791100138,0.0027716626822566165,,,,,,0.069787547973992975,0.0071872852345894432,0.0092688758676769522,0.05488622080966777,0.0014719685726297901,0.000275140041209988
alpha_0p707107__wb0p75,0.00086897813333271408,0.00087980376539470819,0.0018551191613762868,0.017489569171616464,0.0024144646367942986,0.013389404373823658,0.0047389793301638077,0.0020146761793983603,,,,,,0.076729372589269082,0.0078829448353385807,0.0060538569303258544,0.067185349880861875,0.0015767231947793766,0.00093345853592827341
alpha_0p866025__shapley,0.00070581727756182126,0.0014854796674900405,0.0024131594517290394,0.01866449554119989,0.012219711067502774,0.0056646697186106447,0.060094418789389023,0.082118923121721685,0.0065512449682455101,0.0032774425608245602,0.0030634937774744928,0.0028776923759632539,0.018783557882772757,,,,,,0.0034937358775180851
alpha_0p866025__beta1_4,0.0011576051217665076,0.0018633476478657736,0.0018656220947805672,0.011312516091256426,0.013892465437687419,0.0094664629894931872,0.032589158786999223,0.053213162794959884,,,,,,0.032142947787866728,0.0062667440864769067,0.003472528402477039,0.13334199669476091,,0.001813374089069469
alpha_0p866025__beta4_1,0.0020180756734035159,0.0036136884013329798,0.0024549433351245711,0.032763478748760927,0.010397807221273377,0.0064496787686967464,0.064828187684165248,0.0052597223930576972,,,,,,0.016942815251956799,0.0033772606838169249,0.0023430855182170469,0.016400311726546629,,0.0024852161653353719
alpha_0p866025__wb0p25,0.0023216360668910957,0.0029705224844496429,0.0031179971596703828,0.040897818310244242,0.0050754463201799979,0.022885015870083771,0.01632854931561557,0.002822714527768418,,,,,,0.05786436312834517,0.011205539578053571,0.0076489621381909678,0.05084708451234396,0.00096482627982370187,0.0026149579184050341
alpha_0p866025__wb0p5,0.00015976025523675009,0.00049277575109627988,0.0031623000139313854,0.026587737293234583,0.0045978975909235376,0.011832956734925588,0.037539100636243668,0.0028934297575869796,,,,,,0.069944999149044229,0.0071188585994965163,0.0096730680233512948,0.053671997249790028,0.0014397242718534422,0.0001603681834546835
alpha_0p866025__wb0p75,0.00073686760603819163,0.0011586454205276988,0.0017198113438930205,0.01755085198738272,0.0020122974150577383,0.013636367480228574,0.0045073861467999398,0.0017253322813348599,,,,,,0.077850632379049836,0.0078988066698475242,0.005023665854274482,0.069418601891797174,0.0011906760335891394,0.00069318924379882648
